Unnamed: 0,Date,CustomerID,typeM,Series,Value
0,2022-07-07,83001,Pulse1,P1,906
1,2022-07-07,83002,Pulse1_Total,T1,759
2,2022-07-07,83003,Switch2,SW2,252
3,2022-07-07,83004,Pulse1_Total,T1,492
4,2022-07-07,83005,Pulse1,P1,472
5,2022-07-07,83006,Pulse1_Total,T1,762
6,2022-07-07,83007,Pulse1,P1,156
7,2022-07-07,83008,Pulse1_Total,T1,571
8,2022-07-07,83009,Pulse1,P1,151
9,2022-07-07,83010,Pulse1_Total,T1,140
10,2022-07-07,83011,Pulse1,P1,698
11,2022-07-07,83012,Pulse1_Total,T1,510
12,2022-07-07,83013,Pulse1,P1,275
13,2022-07-07,83014,Pulse1,P1,718
14,2022-07-07,83015,Pulse1_Total,T1,214
15,2022-07-07,83016,Pulse1_Total,T1,64
16,2022-07-07,83017,Pulse1,P1,401
17,2022-07-07,83018,Pulse1_Total,T1,142
18,2022-07-07,83019,Pulse1,P1,656
19,2022-07-07,83020,Pulse1_Total,T1,941
20,2022-07-07,83021,Pulse1,P1,936
21,2022-07-07,83022,Pulse1,P1,854
22,2022-07-07,83023,Switch2,SW2,568
23,2022-07-07,83024,Pulse1_Total,T1,453
24,2022-07-07,83025,Pulse1_Total,T1,829
25,2022-07-07,83026,Pulse1_Total,T1,450
26,2022-07-07,83027,Pulse1,P1,313
27,2022-07-07,83028,Pulse1,P1,570
28,2022-07-07,83029,Pulse1,P1,143
29,2022-07-07,83030,Switch2,SW2,781
30,2022-07-07,83031,Pulse1_Total,T1,455
31,2022-07-07,83032,Pulse1_Total,T1,318
32,2022-07-07,83033,Pulse1_Total,T1,523
33,2022-07-07,83034,Pulse1,P1,712
34,2022-07-07,83035,Pulse1,P1,717
35,2022-07-07,83036,Pulse1,P1,0
36,2022-07-07,83037,Pulse1_Total,T1,333
37,2022-07-07,83038,Pulse1_Total,T1,378
38,2022-07-07,83039,Pulse1_Total,T1,287
39,2022-07-07,83040,Pulse1,P1,129
40,2022-07-07,83041,Pulse1,P1,704
41,2022-07-07,83042,Pulse1,P1,826
42,2022-07-07,83043,Pulse1_Total,T1,2
43,2022-07-07,83044,Pulse1_Total,T1,118
44,2022-07-07,83045,Switch2,SW2,86
45,2022-07-07,83046,Pulse1,P1,197
46,2022-07-07,83047,Pulse1,P1,389
47,2022-07-07,83048,Pulse1_Total,T1,809
48,2022-07-07,83049,Pulse1_Total,T1,420
49,2022-07-07,83050,Pulse1_Total,T1,929
50,2022-07-07,83051,Pulse1,P1,478
51,2022-07-07,83052,Pulse1,P1,653
52,2022-07-07,83053,Pulse1,P1,416
53,2022-07-07,83054,Pulse1_Total,T1,272
54,2022-07-07,83055,Pulse1_Total,T1,978
55,2022-07-07,83056,Pulse1,P1,622
56,2022-07-07,83057,Pulse1,P1,377
57,2022-07-07,83058,Pulse1_Total,T1,493
58,2022-07-07,83059,Pulse1_Total,T1,212
59,2022-07-07,83060,Pulse1_Total,T1,374
60,2022-07-07,83061,Pulse1,P1,159
61,2022-07-07,83062,Pulse1,P1,579
62,2022-07-07,83063,Pulse1,P1,542
63,2022-07-07,83064,Pulse1_Total,T1,146
64,2022-07-07,83065,Pulse1_Total,T1,974
65,2022-07-07,83066,Pulse1_Total,T1,891
66,2022-07-07,83067,Pulse1,P1,910
67,2022-07-07,83068,Pulse1,P1,901
68,2022-07-07,83069,Pulse1,P1,49
69,2022-07-07,83070,Pulse1_Total,T1,129
70,2022-07-07,83071,Pulse1_Total,T1,935
71,2022-07-07,83072,Pulse1_Total,T1,467
72,2022-07-07,83073,Pulse1,P1,281
73,2022-07-07,83074,Pulse1,P1,597
74,2022-07-07,83075,Pulse1,P1,529
75,2022-07-07,83076,Pulse1_Total,T1,167
76,2022-07-07,83077,Pulse1_Total,T1,57
77,2022-07-07,83078,Pulse1,P1,325
78,2022-07-07,83079,Pulse1,P1,737
79,2022-07-07,83080,Pulse1_Total,T1,791
80,2022-07-07,83081,Pulse1_Total,T1,913
81,2022-07-07,83082,Pulse1_Total,T1,998
82,2022-07-07,83083,Pulse1,P1,680
83,2022-07-07,83084,Pulse1,P1,213
84,2022-07-07,83085,Pulse1,P1,601
85,2022-07-07,83086,Pulse1_Total,T1,251
86,2022-07-07,83087,Pulse1_Total,T1,398
87,2022-07-07,83088,Pulse1_Total,T1,707
88,2022-07-07,83089,Pulse1,P1,41
89,2022-07-07,83090,Pulse1,P1,617
90,2022-07-07,83091,Pulse1,P1,956
91,2022-07-07,83092,Pulse1_Total,T1,790
92,2022-07-07,83093,Switch2,SW2,906
93,2022-07-07,83094,Pulse1_Total,T1,744
94,2022-07-07,83095,Pulse1,P1,271
95,2022-07-07,83096,Pulse1_Total,T1,678
96,2022-07-07,83097,Pulse1,P1,545
97,2022-07-07,83098,Switch2,SW2,586
98,2022-07-07,83099,Pulse1,P1,284
99,2022-07-07,83100,Pulse1_Total,T1,910
100,2022-07-07,83101,Pulse1_Total,T1,789
101,2022-07-07,83102,Pulse1_Total,T1,438
102,2022-07-07,83103,Pulse1,P1,634
103,2022-07-07,83104,Pulse1,P1,212
104,2022-07-07,83105,Pulse1,P1,935
105,2022-07-07,83106,Pulse1_Total,T1,878
106,2022-07-07,83107,Pulse1_Total,T1,617
107,2022-07-07,83108,Switch2,SW2,133
108,2022-07-07,83109,Pulse1,P1,526
109,2022-07-07,83110,Pulse1,P1,50
110,2022-07-07,83111,Pulse1_Total,T1,543
111,2022-07-07,83112,Pulse1_Total,T1,877
112,2022-07-07,83113,Pulse1_Total,T1,765
113,2022-07-07,83114,Pulse1,P1,890
114,2022-07-07,83115,Pulse1,P1,77
115,2022-07-07,83116,Pulse1,P1,900
116,2022-07-07,83117,Pulse1_Total,T1,721
117,2022-07-07,83118,Pulse1_Total,T1,845
118,2022-07-07,83119,Pulse1_Total,T1,46
119,2022-07-07,83120,Pulse1,P1,585
120,2022-07-07,83121,Pulse1,P1,248
121,2022-07-07,83122,Pulse1,P1,460
122,2022-07-07,83123,Pulse1_Total,T1,323
123,2022-07-07,83124,Pulse1_Total,T1,83
124,2022-07-07,83125,Pulse1_Total,T1,145
125,2022-07-07,83126,Pulse1,P1,128
126,2022-07-07,83127,Pulse1,P1,790
127,2022-07-07,83128,Pulse1,P1,424
128,2022-07-07,83129,Pulse1_Total,T1,907
129,2022-07-07,83130,Pulse1_Total,T1,854
130,2022-07-07,83131,Switch2,SW2,194
131,2022-07-07,83132,Pulse1,P1,132
132,2022-07-07,83133,Pulse1,P1,1000
133,2022-07-07,83134,Pulse1_Total,T1,625
134,2022-07-07,83135,Pulse1_Total,T1,337
135,2022-07-07,83136,Pulse1,P1,391
136,2022-07-07,83137,Pulse1,P1,399
137,2022-07-07,83138,Pulse1_Total,T1,649
138,2022-07-07,83139,Pulse1_Total,T1,663
139,2022-07-07,83140,Pulse1_Total,T1,437
140,2022-07-07,83141,Pulse1,P1,203
141,2022-07-07,83142,Pulse1,P1,184
142,2022-07-07,83143,Pulse1,P1,741
143,2022-07-07,83144,Pulse1_Total,T1,695
144,2022-07-07,83145,Pulse1_Total,T1,677
145,2022-07-07,83146,Pulse1_Total,T1,590
146,2022-07-07,83147,Pulse1,P1,163
147,2022-07-07,83148,Pulse1,P1,708
148,2022-07-07,83149,Pulse1,P1,108
149,2022-07-07,83150,Switch2,SW2,683
150,2022-07-07,83151,Pulse1_Total,T1,551
151,2022-07-07,83152,Pulse1_Total,T1,289
152,2022-07-07,83153,Pulse1_Total,T1,330
153,2022-07-07,83154,Pulse1,P1,695
154,2022-07-07,83155,Pulse1,P1,398
155,2022-07-07,83156,Pulse1,P1,666
156,2022-07-07,83157,Pulse1_Total,T1,351
157,2022-07-07,83158,Pulse1_Total,T1,854
158,2022-07-07,83159,Pulse1_Total,T1,544
159,2022-07-07,83160,Pulse1,P1,254
160,2022-07-07,83161,Pulse1,P1,446
161,2022-07-07,83162,Pulse1,P1,576
162,2022-07-07,83163,Pulse1_Total,T1,723
163,2022-07-07,83164,Pulse1_Total,T1,988
164,2022-07-07,83165,Pulse1_Total,T1,716
165,2022-07-07,83166,Pulse1,P1,823
166,2022-07-07,83167,Pulse1,P1,525
167,2022-07-07,83168,Pulse1,P1,23
168,2022-07-07,83169,Pulse1_Total,T1,680
169,2022-07-07,83170,Pulse1_Total,T1,131
170,2022-07-07,83171,Pulse1_Total,T1,573
171,2022-07-07,83172,Pulse1,P1,769
172,2022-07-07,83173,Pulse1,P1,832
173,2022-07-07,83174,Pulse1,P1,131
174,2022-07-07,83175,Pulse1_Total,T1,664
175,2022-07-07,83176,Pulse1_Total,T1,150
176,2022-07-07,83177,Pulse1_Total,T1,939
177,2022-07-07,83178,Pulse1,P1,111
178,2022-07-07,83179,Pulse1,P1,88
179,2022-07-07,83180,Pulse1,P1,632
180,2022-07-07,83181,Switch2,SW2,551
181,2022-07-07,83182,Pulse1_Total,T1,593
182,2022-07-07,83183,Pulse1_Total,T1,542
183,2022-07-07,83184,Pulse1,P1,20
184,2022-07-07,83185,Pulse1,P1,230
185,2022-07-07,83186,Pulse1_Total,T1,686
186,2022-07-07,83187,Pulse1_Total,T1,343
187,2022-07-07,83188,Pulse1_Total,T1,419
188,2022-07-07,83189,Pulse1,P1,21
189,2022-07-07,83190,Pulse1,P1,223
190,2022-07-07,83191,Pulse1,P1,495
191,2022-07-07,83192,Pulse1_Total,T1,825
192,2022-07-07,83193,Pulse1_Total,T1,489
193,2022-07-07,83194,Switch2,SW2,919
194,2022-07-07,83195,Pulse1,P1,98
195,2022-07-07,83196,Pulse1,P1,807
196,2022-07-07,83197,Pulse1_Total,T1,765
197,2022-07-07,83198,Pulse1_Total,T1,271
198,2022-07-07,83199,Pulse1_Total,T1,952
199,2022-07-07,83200,Pulse1,P1,219
200,2022-07-07,83201,Pulse1,P1,509
201,2022-07-07,83202,Pulse1,P1,864
202,2022-07-07,83203,Pulse1_Total,T1,320
203,2022-07-07,83204,Pulse1_Total,T1,133
204,2022-07-07,83205,Pulse1_Total,T1,769
205,2022-07-07,83206,Pulse1,P1,718
206,2022-07-07,83207,Pulse1,P1,203
207,2022-07-07,83208,Pulse1,P1,380
208,2022-07-07,83209,Switch2,SW2,78
209,2022-07-07,83210,Pulse1_Total,T1,774
210,2022-07-07,83211,Switch2,SW2,425
211,2022-07-07,83212,Pulse1_Total,T1,93
212,2022-07-07,83213,Pulse1,P1,477
213,2022-07-07,83214,Pulse1_Total,T1,731
214,2022-07-07,83215,Pulse1,P1,667
215,2022-07-07,83216,Pulse1_Total,T1,986
216,2022-07-07,83217,Pulse1,P1,817
217,2022-07-07,83218,Pulse1_Total,T1,386
218,2022-07-07,83219,Pulse1,P1,121
219,2022-07-07,83220,Pulse1_Total,T1,628
220,2022-07-07,83221,Pulse1,P1,389
221,2022-07-07,83222,Pulse1_Total,T1,623
222,2022-07-07,83223,Pulse1,P1,141
223,2022-07-07,83224,Pulse1_Total,T1,782
224,2022-07-07,83225,Pulse1,P1,860
225,2022-07-07,83226,Pulse1_Total,T1,266
226,2022-07-07,83227,Pulse1,P1,121
227,2022-07-07,83228,Pulse1_Total,T1,91
228,2022-07-07,83229,Pulse1,P1,210
229,2022-07-07,83230,Switch2,SW2,176
230,2022-07-07,83231,Pulse1,P1,351
231,2022-07-07,83232,Pulse1_Total,T1,251
232,2022-07-07,83233,Pulse1_Total,T1,141
233,2022-07-07,83234,Pulse1_Total,T1,177
234,2022-07-07,83235,Pulse1,P1,398
235,2022-07-07,83236,Pulse1,P1,595
236,2022-07-07,83237,Pulse1,P1,198
237,2022-07-07,83238,Switch2,SW2,762
238,2022-07-07,83239,Switch2,SW2,644
239,2022-07-07,83240,Pulse1_Total,T1,674
240,2022-07-07,83241,Pulse1_Total,T1,887
241,2022-07-07,83242,Pulse1_Total,T1,211
242,2022-07-07,83243,Pulse1,P1,831
243,2022-07-07,83244,Pulse1,P1,603
244,2022-07-07,83245,Pulse1,P1,296
245,2022-07-07,83246,Pulse1_Total,T1,291
246,2022-07-07,83247,Pulse1_Total,T1,221
247,2022-07-07,83248,Pulse1_Total,T1,657
248,2022-07-07,83249,Pulse1,P1,953
249,2022-07-07,83250,Pulse1,P1,622
250,2022-07-07,83251,Pulse1,P1,689
251,2022-07-07,83252,Pulse1_Total,T1,866
252,2022-07-07,83253,Pulse1_Total,T1,960
253,2022-07-07,83254,Pulse1_Total,T1,859
254,2022-07-07,83255,Pulse1,P1,117
255,2022-07-07,83256,Pulse1,P1,901
256,2022-07-07,83257,Pulse1,P1,421
257,2022-07-07,83258,Pulse1_Total,T1,697
258,2022-07-07,83259,Pulse1_Total,T1,735
259,2022-07-07,83260,Pulse1_Total,T1,743
260,2022-07-07,83261,Pulse1,P1,199
261,2022-07-07,83262,Pulse1,P1,703
262,2022-07-07,83263,Pulse1,P1,471
263,2022-07-07,83264,Pulse1_Total,T1,121
264,2022-07-07,83265,Switch2,SW2,911
265,2022-07-07,83266,Pulse1_Total,T1,886
266,2022-07-07,83267,Pulse1,P1,284
267,2022-07-07,83268,Pulse1_Total,T1,349
268,2022-07-07,83269,Pulse1,P1,711
269,2022-07-07,83270,Pulse1_Total,T1,824
270,2022-07-07,83271,Pulse1,P1,1
271,2022-07-07,83272,Pulse1_Total,T1,459
272,2022-07-07,83273,Pulse1,P1,401
273,2022-07-07,83274,Pulse1_Total,T1,979
274,2022-07-07,83275,Pulse1,P1,92
275,2022-07-07,83276,Pulse1_Total,T1,630
276,2022-07-07,83277,Pulse1,P1,485
277,2022-07-07,83278,Pulse1_Total,T1,420
278,2022-07-07,83279,Pulse1,P1,125
279,2022-07-07,83280,Pulse1_Total,T1,863
280,2022-07-07,83281,Pulse1,P1,938
281,2022-07-07,83282,Pulse1_Total,T1,179
282,2022-07-07,83283,Pulse1,P1,488
283,2022-07-07,83284,Pulse1_Total,T1,825
284,2022-07-07,83285,Pulse1,P1,226
285,2022-07-07,83286,Pulse1_Total,T1,940
286,2022-07-07,83287,Pulse1,P1,498
287,2022-07-07,83288,Pulse1_Total,T1,497
288,2022-07-07,83289,Pulse1,P1,661
289,2022-07-07,83290,Pulse1_Total,T1,310
290,2022-07-07,83291,Pulse1,P1,252
291,2022-07-07,83292,Pulse1_Total,T1,642
292,2022-07-07,83293,Pulse1,P1,716
293,2022-07-07,83294,Switch2,SW2,196
294,2022-07-07,83295,Pulse1,P1,663
295,2022-07-07,83296,Pulse1_Total,T1,757
296,2022-07-07,83297,Pulse1_Total,T1,833
297,2022-07-07,83298,Pulse1_Total,T1,80
298,2022-07-07,83299,Pulse1,P1,48
299,2022-07-07,83300,Pulse1,P1,778
300,2022-07-07,83301,Pulse1,P1,992
301,2022-07-07,83302,Pulse1_Total,T1,671
302,2022-07-07,83303,Pulse1_Total,T1,900
303,2022-07-07,83304,Pulse1_Total,T1,263
304,2022-07-07,83305,Pulse1,P1,959
305,2022-07-07,83306,Pulse1,P1,962
306,2022-07-07,83307,Pulse1,P1,12
307,2022-07-07,83308,Pulse1_Total,T1,186
308,2022-07-07,83309,Switch2,SW2,71
309,2022-07-07,83310,Pulse1_Total,T1,168
310,2022-07-07,83311,Pulse1,P1,169
311,2022-07-07,83312,Pulse1_Total,T1,812
312,2022-07-07,83313,Pulse1,P1,338
313,2022-07-07,83314,Pulse1_Total,T1,246
314,2022-07-07,83315,Pulse1,P1,941
315,2022-07-07,83316,Pulse1_Total,T1,723
316,2022-07-07,83317,Pulse1,P1,765
317,2022-07-07,83318,Pulse1_Total,T1,215
318,2022-07-07,83319,Pulse1,P1,871
319,2022-07-07,83320,Switch2,SW2,343
320,2022-07-07,83321,Pulse1,P1,863
321,2022-07-07,83322,Pulse1_Total,T1,536
322,2022-07-07,83323,Pulse1_Total,T1,659
323,2022-07-07,83324,Pulse1_Total,T1,22
324,2022-07-07,83325,Pulse1,P1,570
325,2022-07-07,83326,Pulse1,P1,60
326,2022-07-07,83327,Pulse1,P1,249
327,2022-07-07,83328,Pulse1_Total,T1,564
328,2022-07-07,83329,Pulse1_Total,T1,481
329,2022-07-07,83330,Pulse1,P1,899
330,2022-07-07,83331,Pulse1,P1,990
331,2022-07-07,83332,Pulse1_Total,T1,561
332,2022-07-07,83333,Pulse1_Total,T1,658
333,2022-07-07,83334,Pulse1,P1,971
334,2022-07-07,83335,Pulse1_Total,T1,793
335,2022-07-07,83336,Pulse1,P1,654
336,2022-07-07,83337,Switch2,SW2,706
337,2022-07-07,83338,Pulse1,P1,504
338,2022-07-07,83339,Pulse1_Total,T1,805
339,2022-07-07,83340,Pulse1_Total,T1,645
340,2022-07-07,83341,Pulse1_Total,T1,42
341,2022-07-07,83342,Pulse1,P1,64
342,2022-07-07,83343,Pulse1,P1,318
343,2022-07-07,83344,Pulse1,P1,787
344,2022-07-07,83345,Pulse1_Total,T1,476
345,2022-07-07,83346,Pulse1_Total,T1,302
346,2022-07-07,83347,Pulse1_Total,T1,260
347,2022-07-07,83348,Pulse1,P1,953
348,2022-07-07,83349,Pulse1,P1,483
349,2022-07-07,83350,Pulse1,P1,503
350,2022-07-07,83351,Pulse1_Total,T1,772
351,2022-07-07,83352,Pulse1_Total,T1,413
352,2022-07-07,83353,Pulse1_Total,T1,355
353,2022-07-07,83354,Pulse1,P1,711
354,2022-07-07,83355,Pulse1,P1,674
355,2022-07-07,83356,Pulse1,P1,74
356,2022-07-07,83357,Pulse1_Total,T1,200
357,2022-07-07,83358,Pulse1_Total,T1,470
358,2022-07-07,83359,Pulse1_Total,T1,272
359,2022-07-07,83360,Pulse1,P1,237
360,2022-07-07,83361,Pulse1,P1,112
361,2022-07-07,83362,Pulse1,P1,192
362,2022-07-07,83363,Pulse1_Total,T1,999
363,2022-07-07,83364,Pulse1_Total,T1,308
364,2022-07-07,83365,Pulse1,P1,415
365,2022-07-07,83366,Pulse1,P1,270
366,2022-07-07,83367,Pulse1_Total,T1,37
367,2022-07-07,83368,Pulse1_Total,T1,220
368,2022-07-07,83369,Pulse1_Total,T1,180
369,2022-07-07,83370,Pulse1,P1,327
370,2022-07-07,83371,Pulse1,P1,220
371,2022-07-07,83372,Pulse1,P1,846
372,2022-07-07,83373,Switch2,SW2,380
373,2022-07-07,83374,Pulse1_Total,T1,869
374,2022-07-07,83375,Pulse1_Total,T1,444
375,2022-07-07,83376,Pulse1,P1,519
376,2022-07-07,83377,Pulse1_Total,T1,483
377,2022-07-07,83378,Pulse1,P1,383
378,2022-07-07,83379,Pulse1_Total,T1,598
379,2022-07-07,83380,Pulse1,P1,645
380,2022-07-07,83381,Pulse1_Total,T1,385
381,2022-07-07,83382,Pulse1,P1,201
382,2022-07-07,83383,Pulse1_Total,T1,107
383,2022-07-07,83384,Pulse1,P1,675
384,2022-07-07,83385,Pulse1_Total,T1,92
385,2022-07-07,83386,Pulse1,P1,686
386,2022-07-07,83387,Switch2,SW2,258
387,2022-07-07,83388,Pulse1,P1,328
388,2022-07-07,83389,Pulse1_Total,T1,952
389,2022-07-07,83390,Pulse1_Total,T1,969
390,2022-07-07,83391,Pulse1_Total,T1,91
391,2022-07-07,83392,Pulse1,P1,128
392,2022-07-07,83393,Pulse1,P1,345
393,2022-07-07,83394,Pulse1,P1,622
394,2022-07-07,83395,Pulse1_Total,T1,158
395,2022-07-07,83396,Pulse1_Total,T1,767
396,2022-07-07,83397,Pulse1_Total,T1,373
397,2022-07-07,83398,Pulse1,P1,620
398,2022-07-07,83399,Pulse1,P1,403
399,2022-07-07,83400,Pulse1,P1,907
400,2022-07-07,83401,Switch2,SW2,482
401,2022-07-07,83402,Pulse1_Total,T1,5
402,2022-07-07,83403,Pulse1_Total,T1,874
403,2022-07-07,83404,Pulse1,P1,522
404,2022-07-07,83405,Pulse1,P1,409
405,2022-07-07,83406,Pulse1_Total,T1,606
406,2022-07-07,83407,Pulse1_Total,T1,165
407,2022-07-07,83408,Pulse1_Total,T1,432
408,2022-07-07,83409,Pulse1,P1,967
409,2022-07-07,83410,Pulse1,P1,166
410,2022-07-07,83411,Pulse1,P1,15
411,2022-07-07,83412,Pulse1_Total,T1,213
412,2022-07-07,83413,Pulse1_Total,T1,744
413,2022-07-07,83414,Switch2,SW2,786
414,2022-07-07,83415,Pulse1,P1,412
415,2022-07-07,83416,Pulse1,P1,829
416,2022-07-07,83417,Pulse1_Total,T1,581
417,2022-07-07,83418,Pulse1_Total,T1,27
418,2022-07-07,83419,Pulse1_Total,T1,825
419,2022-07-07,83420,Pulse1,P1,246
420,2022-07-07,83421,Pulse1,P1,978
421,2022-07-07,83422,Pulse1,P1,803
422,2022-07-07,83423,Pulse1_Total,T1,664
423,2022-07-07,83424,Pulse1_Total,T1,100
424,2022-07-07,83425,Pulse1_Total,T1,474
425,2022-07-07,83426,Pulse1,P1,240
426,2022-07-07,83427,Pulse1,P1,539
427,2022-07-07,83428,Pulse1,P1,606
428,2022-07-07,83429,Pulse1_Total,T1,364
429,2022-07-07,83430,Pulse1_Total,T1,1000
430,2022-07-07,83431,Pulse1_Total,T1,9
431,2022-07-07,83432,Pulse1,P1,602
432,2022-07-07,83433,Pulse1,P1,387
433,2022-07-07,83434,Pulse1,P1,388
434,2022-07-07,83435,Pulse1_Total,T1,155
435,2022-07-07,83436,Pulse1_Total,T1,989
436,2022-07-07,83437,DeviceTemperature,Max,73
437,2022-07-07,83438,Pulse1,P1,54
438,2022-07-07,83439,Pulse1,P1,957
439,2022-07-07,83440,Switch2,SW2,708
440,2022-07-07,83441,Pulse1_Total,T1,510
441,2022-07-07,83442,Pulse1_Total,T1,440
442,2022-07-07,83443,Pulse1_Total,T1,680
443,2022-07-07,83444,Pulse1,P1,880
444,2022-07-07,83445,Pulse1,P1,291
445,2022-07-07,83446,Pulse1,P1,271
446,2022-07-07,83447,Pulse1_Total,T1,344
447,2022-07-07,83448,Pulse1_Total,T1,674
448,2022-07-07,83449,Pulse1,P1,694
449,2022-07-07,83450,Pulse1,P1,578
450,2022-07-07,83451,Pulse1_Total,T1,123
451,2022-07-07,83452,Pulse1_Total,T1,434
452,2022-07-07,83453,Pulse1,P1,515
453,2022-07-07,83454,Pulse1,P1,708
454,2022-07-07,83455,Pulse1_Total,T1,967
455,2022-07-07,83456,Pulse1_Total,T1,749
456,2022-07-07,83457,Pulse1_Total,T1,994
457,2022-07-07,83458,Pulse1,P1,368
458,2022-07-07,83459,Pulse1,P1,453
459,2022-07-07,83460,Pulse1,P1,610
460,2022-07-07,83461,Pulse1_Total,T1,703
461,2022-07-07,83462,Pulse1_Total,T1,552
462,2022-07-07,83463,Pulse1_Total,T1,886
463,2022-07-07,83464,Pulse1,P1,988
464,2022-07-07,83465,Pulse1,P1,418
465,2022-07-07,83466,Pulse1,P1,478
466,2022-07-07,83467,Pulse1_Total,T1,249
467,2022-07-07,83468,Pulse1_Total,T1,758
468,2022-07-07,83469,Pulse1_Total,T1,438
469,2022-07-07,83470,Pulse1,P1,52
470,2022-07-07,83471,Pulse1,P1,976
471,2022-07-07,83472,Pulse1,P1,168
472,2022-07-07,83473,Pulse1_Total,T1,580
473,2022-07-07,83474,Pulse1_Total,T1,921
474,2022-07-07,83475,Pulse1_Total,T1,446
475,2022-07-07,83476,Pulse1,P1,473
476,2022-07-07,83477,Pulse1,P1,712
477,2022-07-07,83478,Pulse1,P1,589
478,2022-07-07,83479,Switch2,SW2,609
479,2022-07-07,83480,Pulse1_Total,T1,722
480,2022-07-07,83481,Pulse1_Total,T1,571
481,2022-07-07,83482,Pulse1_Total,T1,416
482,2022-07-07,83483,Pulse1,P1,566
483,2022-07-07,83484,Pulse1,P1,937
484,2022-07-07,83485,Pulse1,P1,419
485,2022-07-07,83486,Pulse1_Total,T1,442
486,2022-07-07,83487,Pulse1_Total,T1,952
487,2022-07-07,83488,Pulse1_Total,T1,658
488,2022-07-07,83489,Pulse1,P1,125
489,2022-07-07,83490,Pulse1,P1,142
490,2022-07-07,83491,Pulse1,P1,859
491,2022-07-07,83492,Pulse1_Total,T1,745
492,2022-07-07,83493,Pulse1_Total,T1,964
493,2022-07-07,83494,Pulse1_Total,T1,144
494,2022-07-07,83495,Pulse1,P1,303
495,2022-07-07,83496,Pulse1,P1,846
496,2022-07-07,83497,Pulse1,P1,687
497,2022-07-07,83498,Pulse1_Total,T1,681
498,2022-07-07,83499,Pulse1_Total,T1,150
499,2022-07-07,83500,Pulse1_Total,T1,351
500,2022-07-07,83501,Pulse1,P1,55
501,2022-07-07,83502,Pulse1,P1,864
502,2022-07-07,83503,Pulse1,P1,416
503,2022-07-07,83504,Pulse1_Total,T1,396
504,2022-07-07,83505,Pulse1_Total,T1,399
505,2022-07-07,83506,Pulse1_Total,T1,832
506,2022-07-07,83507,Pulse1,P1,956
507,2022-07-07,83508,Pulse1,P1,832
508,2022-07-07,83509,Pulse1,P1,637
509,2022-07-07,83510,Switch2,SW2,216
510,2022-07-07,83511,Pulse1_Total,T1,711
511,2022-07-07,83512,Pulse1_Total,T1,886
512,2022-07-07,83513,Pulse1_Total,T1,881
513,2022-07-07,83514,Pulse1,P1,130
514,2022-07-07,83515,Pulse1,P1,672
515,2022-07-07,83516,Pulse1,P1,589
516,2022-07-07,83517,Pulse1_Total,T1,227
517,2022-07-07,83518,Pulse1_Total,T1,507
518,2022-07-07,83519,Pulse1_Total,T1,435
519,2022-07-07,83520,Pulse1,P1,26
520,2022-07-07,83521,Pulse1,P1,223
521,2022-07-07,83522,Pulse1,P1,953
522,2022-07-07,83523,Pulse1_Total,T1,901
523,2022-07-07,83524,Pulse1_Total,T1,242
524,2022-07-07,83525,Pulse1_Total,T1,970
525,2022-07-07,83526,Pulse1,P1,558
526,2022-07-07,83527,Pulse1,P1,134
527,2022-07-07,83528,Pulse1,P1,781
528,2022-07-07,83529,Pulse1_Total,T1,39
529,2022-07-07,83530,Pulse1_Total,T1,545
530,2022-07-07,83531,Pulse1_Total,T1,803
531,2022-07-07,83532,Pulse1,P1,846
532,2022-07-07,83533,Pulse1,P1,344
533,2022-07-07,83534,Pulse1,P1,906
534,2022-07-07,83535,Switch2,SW2,456
535,2022-07-07,83536,Pulse1_Total,T1,282
536,2022-07-07,83537,Pulse1_Total,T1,644
537,2022-07-07,83538,Pulse1_Total,T1,458
538,2022-07-07,83539,Pulse1,P1,305
539,2022-07-07,83540,Pulse1,P1,446
540,2022-07-07,83541,Pulse1,P1,732
541,2022-07-07,83542,Pulse1_Total,T1,195
542,2022-07-07,83543,Switch2,SW2,925
543,2022-07-07,83544,Pulse1_Total,T1,460
544,2022-07-07,83545,Pulse1,P1,960
545,2022-07-07,83546,Pulse1_Total,T1,317
546,2022-07-07,83547,Pulse1,P1,177
547,2022-07-07,83548,Pulse1_Total,T1,291
548,2022-07-07,83549,Pulse1,P1,629
549,2022-07-07,83550,Pulse1_Total,T1,547
550,2022-07-07,83551,Pulse1,P1,248
551,2022-07-07,83552,Pulse1_Total,T1,926
552,2022-07-07,83553,Pulse1,P1,369
553,2022-07-07,83554,Pulse1_Total,T1,647
554,2022-07-07,83555,Pulse1,P1,188
555,2022-07-07,83556,Pulse1_Total,T1,233
556,2022-07-07,83557,Pulse1,P1,156
557,2022-07-07,83558,Pulse1_Total,T1,908
558,2022-07-07,83559,Pulse1,P1,714
559,2022-07-07,83560,Switch2,SW2,560
560,2022-07-07,83561,Pulse1,P1,691
561,2022-07-07,83562,Pulse1_Total,T1,325
562,2022-07-07,83563,Pulse1_Total,T1,465
563,2022-07-07,83564,Pulse1_Total,T1,127
564,2022-07-07,83565,Pulse1,P1,556
565,2022-07-07,83566,Pulse1,P1,63
566,2022-07-07,83567,Pulse1,P1,105
567,2022-07-07,83568,Pulse1_Total,T1,204
568,2022-07-07,83569,Pulse1_Total,T1,154
569,2022-07-07,83570,Pulse1_Total,T1,712
570,2022-07-07,83571,Pulse1,P1,56
571,2022-07-07,83572,Pulse1,P1,338
572,2022-07-07,83573,Pulse1,P1,466
573,2022-07-07,83574,Pulse1_Total,T1,656
574,2022-07-07,83575,Pulse1_Total,T1,874
575,2022-07-07,83576,Pulse1_Total,T1,71
576,2022-07-07,83577,Pulse1,P1,771
577,2022-07-07,83578,Pulse1,P1,393
578,2022-07-07,83579,Pulse1,P1,730
579,2022-07-07,83580,Switch2,SW2,855
580,2022-07-07,83581,Pulse1_Total,T1,152
581,2022-07-07,83582,Switch2,SW2,583
582,2022-07-07,83583,Pulse1_Total,T1,412
583,2022-07-07,83584,Pulse1,P1,760
584,2022-07-07,83585,Pulse1_Total,T1,561
585,2022-07-07,83586,Pulse1,P1,755
586,2022-07-07,83587,Pulse1_Total,T1,328
587,2022-07-07,83588,Pulse1,P1,379
588,2022-07-07,83589,Pulse1_Total,T1,85
589,2022-07-07,83590,Pulse1,P1,704
590,2022-07-07,83591,Pulse1_Total,T1,62
591,2022-07-07,83592,Pulse1,P1,739
592,2022-07-07,83593,Pulse1_Total,T1,315
593,2022-07-07,83594,Pulse1,P1,729
594,2022-07-07,83595,Pulse1_Total,T1,792
595,2022-07-07,83596,Pulse1,P1,318
596,2022-07-07,83597,Pulse1,P1,146
597,2022-07-07,83598,Pulse1_Total,T1,757
598,2022-07-07,83599,Pulse1_Total,T1,955
599,2022-07-07,83600,Pulse1,P1,832
600,2022-07-07,83601,Pulse1_Total,T1,175
601,2022-07-07,83602,Pulse1,P1,724
602,2022-07-07,83603,Pulse1_Total,T1,555
603,2022-07-07,83604,Pulse1,P1,254
604,2022-07-07,83605,Pulse1_Total,T1,227
605,2022-07-07,83606,Pulse1,P1,121
606,2022-07-07,83607,Pulse1_Total,T1,719
607,2022-07-07,83608,Pulse1,P1,166
608,2022-07-07,83609,Pulse1_Total,T1,172
609,2022-07-07,83610,Pulse1,P1,308
610,2022-07-07,83611,Pulse1_Total,T1,907
611,2022-07-07,83612,Pulse1,P1,339
612,2022-07-07,83613,Pulse1_Total,T1,954
613,2022-07-07,83614,Pulse1,P1,331
614,2022-07-07,83615,Switch2,SW2,956
615,2022-07-07,83616,Pulse1,P1,391
616,2022-07-07,83617,Switch2,SW2,274
617,2022-07-07,83618,Pulse1_Total,T1,220
618,2022-07-07,83619,Pulse1_Total,T1,641
619,2022-07-07,83620,Pulse1_Total,T1,505
620,2022-07-07,83621,Pulse1,P1,770
621,2022-07-07,83622,Pulse1,P1,307
622,2022-07-07,83623,Pulse1,P1,785
623,2022-07-07,83624,Pulse1_Total,T1,376
624,2022-07-07,83625,Pulse1_Total,T1,46
625,2022-07-07,83626,Pulse1_Total,T1,854
626,2022-07-07,83627,Pulse1,P1,384
627,2022-07-07,83628,Pulse1,P1,668
628,2022-07-07,83629,Pulse1,P1,932
629,2022-07-07,83630,Pulse1_Total,T1,699
630,2022-07-07,83631,Pulse1_Total,T1,862
631,2022-07-07,83632,Pulse1,P1,617
632,2022-07-07,83633,Pulse1,P1,591
633,2022-07-07,83634,Pulse1_Total,T1,868
634,2022-07-07,83635,Pulse1_Total,T1,312
635,2022-07-07,83636,Pulse1_Total,T1,34
636,2022-07-07,83637,Pulse1,P1,245
637,2022-07-07,83638,Pulse1,P1,571
638,2022-07-07,83639,Pulse1,P1,173
639,2022-07-07,83640,Pulse1_Total,T1,974
640,2022-07-07,83641,Pulse1_Total,T1,882
641,2022-07-07,83642,Pulse1_Total,T1,585
642,2022-07-07,83643,Pulse1,P1,902
643,2022-07-07,83644,Pulse1,P1,208
644,2022-07-07,83645,Pulse1,P1,805
645,2022-07-07,83646,Pulse1_Total,T1,821
646,2022-07-07,83647,Pulse1_Total,T1,638
647,2022-07-07,83648,Switch2,SW2,11
648,2022-07-07,83649,Pulse1,P1,403
649,2022-07-07,83650,Pulse1,P1,622
650,2022-07-07,83651,Pulse1_Total,T1,452
651,2022-07-07,83652,Pulse1_Total,T1,162
652,2022-07-07,83653,Pulse1_Total,T1,185
653,2022-07-07,83654,Pulse1,P1,944
654,2022-07-07,83655,Pulse1,P1,398
655,2022-07-07,83656,Pulse1,P1,523
656,2022-07-07,83657,Pulse1_Total,T1,460
657,2022-07-07,83658,Pulse1_Total,T1,65
658,2022-07-07,83659,Pulse1_Total,T1,974
659,2022-07-07,83660,Pulse1,P1,137
660,2022-07-07,83661,Pulse1,P1,121
661,2022-07-07,83662,Pulse1,P1,239
662,2022-07-07,83663,Pulse1_Total,T1,812
663,2022-07-07,83664,Pulse1_Total,T1,134
664,2022-07-07,83665,Pulse1_Total,T1,327
665,2022-07-07,83666,Pulse1,P1,369
666,2022-07-07,83667,Pulse1,P1,805
667,2022-07-07,83668,Pulse1,P1,551
668,2022-07-07,83669,Pulse1_Total,T1,507
669,2022-07-07,83670,Pulse1_Total,T1,318
670,2022-07-07,83671,Pulse1_Total,T1,608
671,2022-07-07,83672,Pulse1,P1,130
672,2022-07-07,83673,Pulse1,P1,774
673,2022-07-07,83674,Pulse1,P1,463
674,2022-07-07,83675,Switch2,SW2,927
675,2022-07-07,83676,Switch2,SW2,6
676,2022-07-07,83677,Pulse1_Total,T1,873
677,2022-07-07,83678,Pulse1_Total,T1,916
678,2022-07-07,83679,Pulse1_Total,T1,456
679,2022-07-07,83680,Pulse1,P1,853
680,2022-07-07,83681,Pulse1,P1,674
681,2022-07-07,83682,Pulse1,P1,239
682,2022-07-07,83683,Pulse1_Total,T1,546
683,2022-07-07,83684,Switch2,SW2,866
684,2022-07-07,83685,Pulse1_Total,T1,300
685,2022-07-07,83686,Pulse1,P1,911
686,2022-07-07,83687,Pulse1_Total,T1,999
687,2022-07-07,83688,Pulse1,P1,805
688,2022-07-07,83689,Pulse1_Total,T1,244
689,2022-07-07,83690,Pulse1,P1,807
690,2022-07-07,83691,Pulse1_Total,T1,792
691,2022-07-07,83692,Pulse1,P1,398
692,2022-07-07,83693,Pulse1_Total,T1,215
693,2022-07-07,83694,Pulse1,P1,117
694,2022-07-07,83695,Pulse1_Total,T1,712
695,2022-07-07,83696,Pulse1,P1,116
696,2022-07-07,83697,Pulse1_Total,T1,914
697,2022-07-07,83698,Pulse1,P1,834
698,2022-07-07,83699,Pulse1_Total,T1,378
699,2022-07-07,83700,Pulse1,P1,888
700,2022-07-07,83701,Pulse1_Total,T1,640
701,2022-07-07,83702,Pulse1,P1,616
702,2022-07-07,83703,Pulse1_Total,T1,750
703,2022-07-07,83704,Pulse1,P1,952
704,2022-07-07,83705,Pulse1_Total,T1,297
705,2022-07-07,83706,Pulse1,P1,505
706,2022-07-07,83707,Pulse1_Total,T1,651
707,2022-07-07,83708,Pulse1,P1,447
708,2022-07-07,83709,Switch2,SW2,615
709,2022-07-07,83710,Pulse1,P1,845
710,2022-07-07,83711,Pulse1_Total,T1,297
711,2022-07-07,83712,Pulse1_Total,T1,68
712,2022-07-07,83713,Pulse1,P1,187
713,2022-07-07,83714,Pulse1,P1,248
714,2022-07-07,83715,Pulse1_Total,T1,793
715,2022-07-07,83716,Pulse1_Total,T1,190
716,2022-07-07,83717,Pulse1_Total,T1,243
717,2022-07-07,83718,Pulse1,P1,829
718,2022-07-07,83719,Pulse1,P1,745
719,2022-07-07,83720,Pulse1,P1,72
720,2022-07-07,83721,Pulse1_Total,T1,724
721,2022-07-07,83722,Switch2,SW2,289
722,2022-07-07,83723,Pulse1_Total,T1,302
723,2022-07-07,83724,Pulse1,P1,496
724,2022-07-07,83725,Pulse1_Total,T1,765
725,2022-07-07,83726,Pulse1,P1,406
726,2022-07-07,83727,Pulse1_Total,T1,952
727,2022-07-07,83728,Pulse1,P1,34
728,2022-07-07,83729,Pulse1_Total,T1,904
729,2022-07-07,83730,Pulse1,P1,911
730,2022-07-07,83731,Pulse1_Total,T1,433
731,2022-07-07,83732,Pulse1,P1,552
732,2022-07-07,83733,Pulse1_Total,T1,958
733,2022-07-07,83734,Pulse1,P1,840
734,2022-07-07,83735,Pulse1_Total,T1,0
735,2022-07-07,83736,Pulse1,P1,329
736,2022-07-07,83737,Pulse1_Total,T1,363
737,2022-07-07,83738,Pulse1,P1,912
738,2022-07-07,83739,Pulse1_Total,T1,739
739,2022-07-07,83740,Pulse1,P1,130
740,2022-07-07,83741,Pulse1_Total,T1,535
741,2022-07-07,83742,Pulse1,P1,127
742,2022-07-07,83743,Pulse1_Total,T1,171
743,2022-07-07,83744,Pulse1,P1,934
744,2022-07-07,83745,Pulse1_Total,T1,457
745,2022-07-07,83746,Pulse1,P1,924
746,2022-07-07,83747,Pulse1_Total,T1,920
747,2022-07-07,83748,Pulse1,P1,787
748,2022-07-07,83749,Pulse1_Total,T1,80
749,2022-07-07,83750,Pulse1,P1,560
750,2022-07-07,83751,Pulse1_Total,T1,375
751,2022-07-07,83752,Pulse1,P1,543
752,2022-07-07,83753,Switch2,SW2,290
753,2022-07-07,83754,Pulse1,P1,836
754,2022-07-07,83755,Switch2,SW2,360
755,2022-07-07,83756,Pulse1_Total,T1,539
756,2022-07-07,83757,Pulse1_Total,T1,668
757,2022-07-07,83758,Pulse1_Total,T1,376
758,2022-07-07,83759,Pulse1,P1,701
759,2022-07-07,83760,Pulse1,P1,163
760,2022-07-07,83761,Pulse1,P1,981
761,2022-07-07,83762,Pulse1_Total,T1,236
762,2022-07-07,83763,Pulse1_Total,T1,857
763,2022-07-07,83764,Pulse1_Total,T1,670
764,2022-07-07,83765,Pulse1,P1,875
765,2022-07-07,83766,Pulse1,P1,820
766,2022-07-07,83767,Pulse1,P1,656
767,2022-07-07,83768,Pulse1_Total,T1,851
768,2022-07-07,83769,Pulse1_Total,T1,53
769,2022-07-07,83770,Pulse1_Total,T1,258
770,2022-07-07,83771,Pulse1,P1,337
771,2022-07-07,83772,Pulse1,P1,481
772,2022-07-07,83773,Pulse1,P1,904
773,2022-07-07,83774,Pulse1_Total,T1,660
774,2022-07-07,83775,Pulse1_Total,T1,272
775,2022-07-07,83776,Pulse1_Total,T1,480
776,2022-07-07,83777,Pulse1,P1,533
777,2022-07-07,83778,Pulse1,P1,770
778,2022-07-07,83779,Pulse1,P1,127
779,2022-07-07,83780,Pulse1_Total,T1,267
780,2022-07-07,83781,Pulse1_Total,T1,509
781,2022-07-07,83782,Pulse1_Total,T1,586
782,2022-07-07,83783,Pulse1,P1,861
783,2022-07-07,83784,Pulse1,P1,404
784,2022-07-07,83785,Pulse1,P1,256
785,2022-07-07,83786,Pulse1_Total,T1,694
786,2022-07-07,83787,Pulse1_Total,T1,520
787,2022-07-07,83788,Pulse1_Total,T1,343
788,2022-07-07,83789,Pulse1,P1,706
789,2022-07-07,83790,Pulse1,P1,848
790,2022-07-07,83791,Pulse1,P1,918
791,2022-07-07,83792,Pulse1_Total,T1,710
792,2022-07-07,83793,Pulse1_Total,T1,452
793,2022-07-07,83794,Pulse1_Total,T1,559
794,2022-07-07,83795,Pulse1,P1,702
795,2022-07-07,83796,Pulse1,P1,852
796,2022-07-07,83797,Pulse1,P1,482
797,2022-07-07,83798,Switch2,SW2,113
798,2022-07-07,83799,Pulse1_Total,T1,291
799,2022-07-07,83800,Pulse1_Total,T1,435
800,2022-07-07,83801,Pulse1_Total,T1,67
801,2022-07-07,83802,Pulse1,P1,207
802,2022-07-07,83803,Pulse1,P1,857
803,2022-07-07,83804,Pulse1,P1,272
804,2022-07-07,83805,Pulse1_Total,T1,738
805,2022-07-07,83806,Pulse1_Total,T1,821
806,2022-07-07,83807,Pulse1_Total,T1,60
807,2022-07-07,83808,Pulse1,P1,266
808,2022-07-07,83809,Pulse1,P1,7
809,2022-07-07,83810,Pulse1,P1,550
810,2022-07-07,83811,Pulse1_Total,T1,305
811,2022-07-07,83812,Pulse1_Total,T1,586
812,2022-07-07,83813,Pulse1_Total,T1,19
813,2022-07-07,83814,Pulse1,P1,849
814,2022-07-07,83815,Pulse1,P1,346
815,2022-07-07,83816,Pulse1,P1,989
816,2022-07-07,83817,Pulse1_Total,T1,491
817,2022-07-07,83818,Pulse1_Total,T1,58
818,2022-07-07,83819,Pulse1_Total,T1,648
819,2022-07-07,83820,Pulse1,P1,572
820,2022-07-07,83821,Pulse1,P1,639
821,2022-07-07,83822,Pulse1,P1,200
822,2022-07-07,83823,Pulse1_Total,T1,224
823,2022-07-07,83824,Pulse1_Total,T1,461
824,2022-07-07,83825,Switch2,SW2,129
825,2022-07-07,83826,Pulse1,P1,701
826,2022-07-07,83827,Pulse1,P1,611
827,2022-07-07,83828,Pulse1_Total,T1,941
828,2022-07-07,83829,Pulse1_Total,T1,509
829,2022-07-07,83830,Pulse1_Total,T1,891
830,2022-07-07,83831,Pulse1,P1,774
831,2022-07-07,83832,Pulse1,P1,830
832,2022-07-07,83833,Pulse1,P1,591
833,2022-07-07,83834,Pulse1_Total,T1,947
834,2022-07-07,83835,Pulse1_Total,T1,285
835,2022-07-07,83836,Pulse1_Total,T1,490
836,2022-07-07,83837,Pulse1,P1,472
837,2022-07-07,83838,Pulse1,P1,677
838,2022-07-07,83839,Pulse1,P1,703
839,2022-07-07,83840,Pulse1_Total,T1,939
840,2022-07-07,83841,Pulse1_Total,T1,275
841,2022-07-07,83842,Pulse1_Total,T1,335
842,2022-07-07,83843,Pulse1,P1,875
843,2022-07-07,83844,Pulse1,P1,553
844,2022-07-07,83845,Pulse1,P1,42
845,2022-07-07,83846,Pulse1_Total,T1,414
846,2022-07-07,83847,Pulse1_Total,T1,600
847,2022-07-07,83848,Pulse1_Total,T1,83
848,2022-07-07,83849,Pulse1,P1,980
849,2022-07-07,83850,Pulse1,P1,756
850,2022-07-07,83851,Pulse1,P1,59
851,2022-07-07,83852,Pulse1_Total,T1,932
852,2022-07-07,83853,Switch2,SW2,158
853,2022-07-07,83854,Pulse1_Total,T1,971
854,2022-07-07,83855,Pulse1,P1,789
855,2022-07-07,83856,Pulse1_Total,T1,204
856,2022-07-07,83857,Pulse1,P1,432
857,2022-07-07,83858,Pulse1_Total,T1,806
858,2022-07-07,83859,Pulse1,P1,142
859,2022-07-07,83860,Pulse1_Total,T1,10
860,2022-07-07,83861,Pulse1,P1,771
861,2022-07-07,83862,Pulse1_Total,T1,786
862,2022-07-07,83863,Pulse1,P1,478
863,2022-07-07,83864,Pulse1,P1,481
864,2022-07-07,83865,Pulse1_Total,T1,953
865,2022-07-07,83866,Pulse1_Total,T1,833
866,2022-07-07,83867,Pulse1,P1,86
867,2022-07-07,83868,Switch2,SW2,282
868,2022-07-07,83869,Pulse1,P1,77
869,2022-07-07,83870,Switch2,SW2,747
870,2022-07-07,83871,Pulse1_Total,T1,722
871,2022-07-07,83872,Pulse1_Total,T1,410
872,2022-07-07,83873,Pulse1_Total,T1,741
873,2022-07-07,83874,Pulse1,P1,261
874,2022-07-07,83875,Pulse1,P1,510
875,2022-07-07,83876,Pulse1,P1,317
876,2022-07-07,83877,Pulse1_Total,T1,437
877,2022-07-07,83878,Pulse1_Total,T1,595
878,2022-07-07,83879,Pulse1_Total,T1,435
879,2022-07-07,83880,Pulse1,P1,617
880,2022-07-07,83881,Pulse1,P1,166
881,2022-07-07,83882,Pulse1,P1,267
882,2022-07-07,83883,Pulse1_Total,T1,568
883,2022-07-07,83884,Pulse1_Total,T1,17
884,2022-07-07,83885,Switch2,SW2,597
885,2022-07-07,83886,Pulse1,P1,901
886,2022-07-07,83887,Pulse1,P1,844
887,2022-07-07,83888,Pulse1_Total,T1,909
888,2022-07-07,83889,Pulse1_Total,T1,460
889,2022-07-07,83890,Switch2,SW2,554
890,2022-07-07,83891,Pulse1,P1,896
891,2022-07-07,83892,Pulse1,P1,205
892,2022-07-07,83893,Pulse1_Total,T1,471
893,2022-07-07,83894,Pulse1_Total,T1,517
894,2022-07-07,83895,Pulse1_Total,T1,60
895,2022-07-07,83896,Pulse1,P1,915
896,2022-07-07,83897,Pulse1,P1,743
897,2022-07-07,83898,Pulse1,P1,485
898,2022-07-07,83899,Pulse1_Total,T1,166
899,2022-07-07,83900,Pulse1_Total,T1,473
900,2022-07-07,83901,Switch2,SW2,545
901,2022-07-07,83902,Pulse1,P1,638
902,2022-07-07,83903,Pulse1,P1,426
903,2022-07-07,83904,Pulse1_Total,T1,510
904,2022-07-07,83905,Pulse1_Total,T1,160
905,2022-07-07,83906,Switch2,SW2,298
906,2022-07-07,83907,Pulse1,P1,384
907,2022-07-07,83908,Pulse1,P1,731
908,2022-07-07,83909,Pulse1_Total,T1,357
909,2022-07-07,83910,Pulse1_Total,T1,715
910,2022-07-07,83911,Pulse1_Total,T1,85
911,2022-07-07,83912,Pulse1,P1,261
912,2022-07-07,83913,Pulse1,P1,956
913,2022-07-07,83914,Pulse1,P1,915
914,2022-07-07,83915,Pulse1_Total,T1,668
915,2022-07-07,83916,Pulse1_Total,T1,292
916,2022-07-07,83917,Pulse1,P1,647
917,2022-07-07,83918,Pulse1,P1,995
918,2022-07-07,83919,Pulse1_Total,T1,978
919,2022-07-07,83920,Pulse1_Total,T1,452
920,2022-07-07,83921,Pulse1,P1,108
921,2022-07-07,83922,Pulse1_Total,T1,747
922,2022-07-07,83923,Pulse1,P1,907
923,2022-07-07,83924,Pulse1_Total,T1,842
924,2022-07-07,83925,Pulse1,P1,255
925,2022-07-07,83926,Pulse1_Total,T1,219
926,2022-07-07,83927,Pulse1,P1,86
927,2022-07-07,83928,Pulse1_Total,T1,678
928,2022-07-07,83929,Pulse1,P1,195
929,2022-07-07,83930,Pulse1_Total,T1,442
930,2022-07-07,83931,Pulse1,P1,653
931,2022-07-07,83932,Pulse1_Total,T1,364
932,2022-07-07,83933,Pulse1,P1,540
933,2022-07-07,83934,Pulse1_Total,T1,323
934,2022-07-07,83935,Pulse1,P1,680
935,2022-07-07,83936,Pulse1_Total,T1,651
936,2022-07-07,83937,Pulse1,P1,894
937,2022-07-07,83938,Switch2,SW2,343
938,2022-07-07,83939,Pulse1,P1,330
939,2022-07-07,83940,Switch2,SW2,654
940,2022-07-07,83941,Pulse1_Total,T1,729
941,2022-07-07,83942,Pulse1_Total,T1,17
942,2022-07-07,83943,Pulse1_Total,T1,172
943,2022-07-07,83944,Pulse1,P1,497
944,2022-07-07,83945,Pulse1,P1,128
945,2022-07-07,83946,Pulse1,P1,739
946,2022-07-07,83947,Pulse1_Total,T1,81
947,2022-07-07,83948,Pulse1_Total,T1,697
948,2022-07-07,83949,Pulse1_Total,T1,768
949,2022-07-07,83950,Pulse1,P1,971
950,2022-07-07,83951,Pulse1,P1,410
951,2022-07-07,83952,Pulse1,P1,844
952,2022-07-07,83953,Switch2,SW2,882
953,2022-07-07,83954,Pulse1_Total,T1,548
954,2022-07-07,83955,Pulse1_Total,T1,227
955,2022-07-07,83956,Pulse1_Total,T1,838
956,2022-07-07,83957,Pulse1,P1,747
957,2022-07-07,83958,Pulse1,P1,808
958,2022-07-07,83959,Pulse1,P1,908
959,2022-07-07,83960,Pulse1_Total,T1,634
960,2022-07-07,83961,Pulse1_Total,T1,394
961,2022-07-07,83962,Pulse1_Total,T1,38
962,2022-07-07,83963,Pulse1,P1,5
963,2022-07-07,83964,Pulse1,P1,950
964,2022-07-07,83965,Pulse1,P1,18
965,2022-07-07,83966,Pulse1_Total,T1,932
966,2022-07-07,83967,Pulse1_Total,T1,533
967,2022-07-07,83968,Pulse1_Total,T1,596
968,2022-07-07,83969,Pulse1,P1,973
969,2022-07-07,83970,Pulse1,P1,129
970,2022-07-07,83971,Pulse1,P1,203
971,2022-07-07,83972,Pulse1_Total,T1,412
972,2022-07-07,83973,Pulse1_Total,T1,403
973,2022-07-07,83974,Pulse1_Total,T1,423
974,2022-07-07,83975,Pulse1,P1,846
975,2022-07-07,83976,Pulse1,P1,992
976,2022-07-07,83977,Pulse1,P1,795
977,2022-07-07,83978,Pulse1_Total,T1,786
978,2022-07-07,83979,Pulse1_Total,T1,532
979,2022-07-07,83980,Pulse1_Total,T1,578
980,2022-07-07,83981,Pulse1,P1,808
981,2022-07-07,83982,Pulse1,P1,154
982,2022-07-07,83983,Pulse1,P1,852
983,2022-07-07,83984,Pulse1_Total,T1,959
984,2022-07-07,83985,Pulse1_Total,T1,448
985,2022-07-07,83986,Pulse1_Total,T1,479
986,2022-07-07,83987,Pulse1,P1,513
987,2022-07-07,83988,Pulse1,P1,954
988,2022-07-07,83989,Pulse1,P1,111
989,2022-07-07,83990,Pulse1_Total,T1,607
990,2022-07-07,83991,Pulse1_Total,T1,695
991,2022-07-07,83992,Switch2,SW2,195
992,2022-07-07,83993,Pulse1,P1,180
993,2022-07-07,83994,Pulse1,P1,768
994,2022-07-07,83995,Pulse1_Total,T1,783
995,2022-07-07,83996,Pulse1_Total,T1,599
996,2022-07-07,83997,Pulse1_Total,T1,491
997,2022-07-07,83998,Pulse1,P1,792
998,2022-07-07,83999,Pulse1,P1,816
999,2022-07-07,84000,Pulse1,P1,750
1000,2022-07-07,84001,Pulse1_Total,T1,370
1001,2022-07-07,84002,Pulse1_Total,T1,782
1002,2022-07-07,84003,Pulse1_Total,T1,637
1003,2022-07-07,84004,Pulse1,P1,347
1004,2022-07-07,84005,Pulse1,P1,164
1005,2022-07-07,84006,Pulse1,P1,888
1006,2022-07-07,84007,Pulse1_Total,T1,518
1007,2022-07-07,84008,Pulse1_Total,T1,61
1008,2022-07-07,84009,Pulse1_Total,T1,364
1009,2022-07-07,84010,Pulse1,P1,726
1010,2022-07-07,84011,Pulse1,P1,975
1011,2022-07-07,84012,Pulse1,P1,819
1012,2022-07-07,84013,Pulse1_Total,T1,327
1013,2022-07-07,84014,Pulse1_Total,T1,312
1014,2022-07-07,84015,Pulse1_Total,T1,973
1015,2022-07-07,84016,Pulse1,P1,899
1016,2022-07-07,84017,Pulse1,P1,308
1017,2022-07-07,84018,Pulse1,P1,937
1018,2022-07-07,84019,Pulse1_Total,T1,928
1019,2022-07-07,84020,Pulse1_Total,T1,528
1020,2022-07-07,84021,Pulse1_Total,T1,388
1021,2022-07-07,84022,Pulse1,P1,835
1022,2022-07-07,84023,Pulse1,P1,948
1023,2022-07-07,84024,Pulse1,P1,227
1024,2022-07-07,84025,Switch2,SW2,462
1025,2022-07-07,84026,Pulse1_Total,T1,854
1026,2022-07-07,84027,Pulse1_Total,T1,336
1027,2022-07-07,84028,Pulse1_Total,T1,994
1028,2022-07-07,84029,Pulse1,P1,329
1029,2022-07-07,84030,Pulse1,P1,380
1030,2022-07-07,84031,Pulse1,P1,323
1031,2022-07-07,84032,Pulse1_Total,T1,53
1032,2022-07-07,84033,Pulse1_Total,T1,127
1033,2022-07-07,84034,Pulse1_Total,T1,276
1034,2022-07-07,84035,Pulse1,P1,497
1035,2022-07-07,84036,Pulse1,P1,295
1036,2022-07-07,84037,Pulse1,P1,418
1037,2022-07-07,84038,Pulse1_Total,T1,683
1038,2022-07-07,84039,Pulse1_Total,T1,908
1039,2022-07-07,84040,Pulse1,P1,314
1040,2022-07-07,84041,Pulse1,P1,903
1041,2022-07-07,84042,Pulse1_Total,T1,792
1042,2022-07-07,84043,Pulse1_Total,T1,758
1043,2022-07-07,84044,Pulse1_Total,T1,52
1044,2022-07-07,84045,Pulse1,P1,764
1045,2022-07-07,84046,Pulse1,P1,192
1046,2022-07-07,84047,Pulse1,P1,144
1047,2022-07-07,84048,Pulse1_Total,T1,434
1048,2022-07-07,84049,Pulse1_Total,T1,212
1049,2022-07-07,84050,Pulse1_Total,T1,172
1050,2022-07-07,84051,Pulse1,P1,491
1051,2022-07-07,84052,Pulse1,P1,874
1052,2022-07-07,84053,Pulse1,P1,350
1053,2022-07-07,84054,Pulse1_Total,T1,253
1054,2022-07-07,84055,Pulse1_Total,T1,681
1055,2022-07-07,84056,Pulse1_Total,T1,341
1056,2022-07-07,84057,Pulse1,P1,530
1057,2022-07-07,84058,Pulse1,P1,519
1058,2022-07-07,84059,Pulse1,P1,372
1059,2022-07-07,84060,Pulse1_Total,T1,428
1060,2022-07-07,84061,Pulse1_Total,T1,120
1061,2022-07-07,84062,Pulse1,P1,304
1062,2022-07-07,84063,Pulse1,P1,898
1063,2022-07-07,84064,Pulse1_Total,T1,896
1064,2022-07-07,84065,Pulse1_Total,T1,910
1065,2022-07-07,84066,Pulse1_Total,T1,128
1066,2022-07-07,84067,Pulse1,P1,645
1067,2022-07-07,84068,Pulse1,P1,274
1068,2022-07-07,84069,Pulse1,P1,442
1069,2022-07-07,84070,Pulse1_Total,T1,788
1070,2022-07-07,84071,Pulse1_Total,T1,848
1071,2022-07-07,84072,Pulse1,P1,697
1072,2022-07-07,84073,Pulse1,P1,961
1073,2022-07-07,84074,Switch2,SW2,550
1074,2022-07-07,84075,Pulse1_Total,T1,619
1075,2022-07-07,84076,Pulse1_Total,T1,810
1076,2022-07-07,84077,Pulse1_Total,T1,243
1077,2022-07-07,84078,Pulse1,P1,99
1078,2022-07-07,84079,Pulse1,P1,753
1079,2022-07-07,84080,Pulse1,P1,352
1080,2022-07-07,84081,Pulse1_Total,T1,998
1081,2022-07-07,84082,Pulse1_Total,T1,881
1082,2022-07-07,84083,Pulse1,P1,952
1083,2022-07-07,84084,Pulse1,P1,287
1084,2022-07-07,84085,Pulse1_Total,T1,815
1085,2022-07-07,84086,Pulse1_Total,T1,268
1086,2022-07-07,84087,Pulse1_Total,T1,184
1087,2022-07-07,84088,Pulse1,P1,516
1088,2022-07-07,84089,Pulse1,P1,450
1089,2022-07-07,84090,Pulse1,P1,681
1090,2022-07-07,84091,Pulse1_Total,T1,698
1091,2022-07-07,84092,Pulse1_Total,T1,109
1092,2022-07-07,84093,Pulse1_Total,T1,889
1093,2022-07-07,84094,Pulse1,P1,582
1094,2022-07-07,84095,Pulse1,P1,751
1095,2022-07-07,84096,Pulse1,P1,967
1096,2022-07-07,84097,Pulse1_Total,T1,693
1097,2022-07-07,84098,Pulse1_Total,T1,334
1098,2022-07-07,84099,Pulse1_Total,T1,202
1099,2022-07-07,84100,Pulse1,P1,967
1100,2022-07-07,84101,Pulse1,P1,824
1101,2022-07-07,84102,Pulse1,P1,902
1102,2022-07-07,84103,Pulse1_Total,T1,100
1103,2022-07-07,84104,Pulse1_Total,T1,383
1104,2022-07-07,84105,Pulse1_Total,T1,361
1105,2022-07-07,84106,Pulse1,P1,60
1106,2022-07-07,84107,Pulse1,P1,209
1107,2022-07-07,84108,Pulse1,P1,617
1108,2022-07-07,84109,Pulse1_Total,T1,856
1109,2022-07-07,84110,Pulse1_Total,T1,288
1110,2022-07-07,84111,Pulse1_Total,T1,865
1111,2022-07-07,84112,Pulse1,P1,622
1112,2022-07-07,84113,Pulse1,P1,69
1113,2022-07-07,84114,Pulse1,P1,223
1114,2022-07-07,84115,Pulse1_Total,T1,227
1115,2022-07-07,84116,Switch2,SW2,703
1116,2022-07-07,84117,Pulse1_Total,T1,651
1117,2022-07-07,84118,Pulse1,P1,74
1118,2022-07-07,84119,Pulse1_Total,T1,6
1119,2022-07-07,84120,Pulse1,P1,974
1120,2022-07-07,84121,Pulse1_Total,T1,410
1121,2022-07-07,84122,Pulse1,P1,100
1122,2022-07-07,84123,Pulse1_Total,T1,337
1123,2022-07-07,84124,Pulse1,P1,254
1124,2022-07-07,84125,Pulse1_Total,T1,349
1125,2022-07-07,84126,Pulse1,P1,267
1126,2022-07-07,84127,Pulse1_Total,T1,720
1127,2022-07-07,84128,Pulse1,P1,267
1128,2022-07-07,84129,DeviceTemperature,Median,493
1129,2022-07-07,84130,Pulse1,P1,58
1130,2022-07-07,84131,Pulse1_Total,T1,757
1131,2022-07-07,84132,Temperature,T,806
1132,2022-07-07,84133,Pulse1_Total,T1,155
1133,2022-07-07,84134,Pulse1,P1,999
1134,2022-07-07,84135,Pulse1_Total,T1,542
1135,2022-07-07,84136,Pulse1,P1,456
1136,2022-07-07,84137,Pulse1_Total,T1,848
1137,2022-07-07,84138,Pulse1,P1,290
1138,2022-07-07,84139,Switch2,SW2,163
1139,2022-07-07,84140,Pulse1,P1,163
1140,2022-07-07,84141,Pulse1_Total,T1,89
1141,2022-07-07,84142,Pulse1_Total,T1,982
1142,2022-07-07,84143,Pulse1_Total,T1,721
1143,2022-07-07,84144,Pulse1,P1,471
1144,2022-07-07,84145,Pulse1,P1,544
1145,2022-07-07,84146,Pulse1,P1,499
1146,2022-07-07,84147,Pulse1_Total,T1,753
1147,2022-07-07,84148,Pulse1_Total,T1,771
1148,2022-07-07,84149,DeviceTemperature,Median,293
1149,2022-07-07,84150,Pulse1,P1,216
1150,2022-07-07,84151,Pulse1,P1,811
1151,2022-07-07,84152,Temperature,T,155
1152,2022-07-07,84153,Pulse1_Total,T1,374
1153,2022-07-07,84154,Pulse1_Total,T1,600
1154,2022-07-07,84155,Pulse1_Total,T1,158
1155,2022-07-07,84156,Pulse1,P1,993
1156,2022-07-07,84157,Pulse1,P1,497
1157,2022-07-07,84158,Pulse1,P1,810
1158,2022-07-07,84159,DeviceTemperature,Median,919
1159,2022-07-07,84160,DeviceTemperature,Median,856
1160,2022-07-07,84161,Pulse1_Total,T1,640
1161,2022-07-07,84162,Temperature,T,777
1162,2022-07-07,84163,Temperature,T,286
1163,2022-07-07,84164,Pulse1,P1,392
1164,2022-07-07,84165,Pulse1_Total,T1,455
1165,2022-07-07,84166,DeviceTemperature,Median,487
1166,2022-07-07,84167,Pulse1_Total,T1,182
1167,2022-07-07,84168,Pulse1,P1,395
1168,2022-07-07,84169,Temperature,T,533
1169,2022-07-07,84170,Pulse1,P1,90
1170,2022-07-07,84171,DeviceTemperature,Median,613
1171,2022-07-07,84172,Pulse1_Total,T1,52
1172,2022-07-07,84173,DeviceTemperature,Median,230
1173,2022-07-07,84174,Temperature,T,489
1174,2022-07-07,84175,Pulse1,P1,640
1175,2022-07-07,84176,Temperature,T,779
1176,2022-07-07,84177,Pulse1_Total,T1,241
1177,2022-07-07,84178,Pulse1_Total,T1,182
1178,2022-07-07,84179,Pulse1_Total,T1,343
1179,2022-07-07,84180,Pulse1,P1,329
1180,2022-07-07,84181,Pulse1,P1,890
1181,2022-07-07,84182,Pulse1,P1,132
1182,2022-07-07,84183,Log_Count,Stored,178
1183,2022-07-07,84184,Log_Count,Sent,669
1184,2022-07-07,84185,Battery,A1,871
1185,2022-07-07,84186,Battery,V,579
1186,2022-07-07,84187,RF,SINR,529
1187,2022-07-07,84188,RF,RSRQ,807
1188,2022-07-07,84189,RF,RSRP,400
1189,2022-07-07,84190,c8y_SignalStrength,rssi,48
1190,2022-07-07,84191,Log_Count,Stored,15
1191,2022-07-07,84192,Log_Count,Sent,697
1192,2022-07-07,84193,Battery,A1,909
1193,2022-07-07,84194,Battery,V,802
1194,2022-07-07,84195,RF,SINR,993
1195,2022-07-07,84196,RF,RSRQ,107
1196,2022-07-07,84197,RF,RSRP,807
1197,2022-07-07,84198,c8y_SignalStrength,rssi,733
1198,2022-07-07,84199,Log_Count,Stored,916
1199,2022-07-07,84200,Log_Count,Sent,343
1200,2022-07-07,84201,Battery,A1,775
1201,2022-07-07,84202,Battery,V,542
1202,2022-07-07,84203,RF,SINR,318
1203,2022-07-07,84204,RF,RSRQ,364
1204,2022-07-07,84205,RF,RSRP,375
1205,2022-07-07,84206,c8y_SignalStrength,rssi,512
1206,2022-07-07,84207,Battery,C1,333
1207,2022-07-07,84208,Battery,C1,493
1208,2022-07-07,84209,Log_Count,Stored,316
1209,2022-07-07,84210,Log_Count,Sent,279
1210,2022-07-07,84211,Battery,A1,326
1211,2022-07-07,84212,Battery,V,693
1212,2022-07-07,84213,RF,SINR,885
1213,2022-07-07,84214,RF,RSRQ,436
1214,2022-07-07,84215,RF,RSRP,646
1215,2022-07-07,84216,c8y_SignalStrength,rssi,608
1216,2022-07-07,84217,Log_Count,Stored,215
1217,2022-07-07,84218,Log_Count,Sent,891
1218,2022-07-07,84219,Battery,A1,810
1219,2022-07-07,84220,Battery,V,989
1220,2022-07-07,84221,RF,SINR,707
1221,2022-07-07,84222,RF,RSRQ,889
1222,2022-07-07,84223,RF,RSRP,104
1223,2022-07-07,84224,c8y_SignalStrength,rssi,471
1224,2022-07-07,84225,Battery,C1,744
1225,2022-07-07,84226,Battery,C1,202
1226,2022-07-07,84227,Log_Count,Stored,308
1227,2022-07-07,84228,Log_Count,Sent,873
1228,2022-07-07,84229,Battery,A1,870
1229,2022-07-07,84230,Battery,V,552
1230,2022-07-07,84231,RF,SINR,568
1231,2022-07-07,84232,RF,RSRQ,909
1232,2022-07-07,84233,RF,RSRP,118
1233,2022-07-07,84234,c8y_SignalStrength,rssi,475
1234,2022-07-07,84235,Log_Count,Stored,480
1235,2022-07-07,84236,Log_Count,Sent,140
1236,2022-07-07,84237,Battery,A1,170
1237,2022-07-07,84238,Battery,V,39
1238,2022-07-07,84239,RF,SINR,7
1239,2022-07-07,84240,RF,RSRQ,683
1240,2022-07-07,84241,RF,RSRP,911
1241,2022-07-07,84242,c8y_SignalStrength,rssi,46
1242,2022-07-07,84243,Log_Count,Stored,456
1243,2022-07-07,84244,Log_Count,Sent,455
1244,2022-07-07,84245,Battery,A1,966
1245,2022-07-07,84246,Battery,V,953
1246,2022-07-07,84247,RF,SINR,485
1247,2022-07-07,84248,RF,RSRQ,463
1248,2022-07-07,84249,RF,RSRP,187
1249,2022-07-07,84250,c8y_SignalStrength,rssi,171
1250,2022-07-07,84251,Log_Count,Stored,645
1251,2022-07-07,84252,Log_Count,Sent,741
1252,2022-07-07,84253,Battery,A1,329
1253,2022-07-07,84254,Battery,V,928
1254,2022-07-07,84255,RF,SINR,662
1255,2022-07-07,84256,RF,RSRQ,773
1256,2022-07-07,84257,RF,RSRP,949
1257,2022-07-07,84258,c8y_SignalStrength,rssi,257
1258,2022-07-07,84259,Battery,C1,91
1259,2022-07-07,84260,Battery,C1,720
1260,2022-07-07,84261,Battery,C1,817
1261,2022-07-07,84262,Battery,C1,202
1262,2022-07-07,84263,Log_Count,Stored,18
1263,2022-07-07,84264,Log_Count,Sent,125
1264,2022-07-07,84265,Battery,A1,330
1265,2022-07-07,84266,Battery,V,887
1266,2022-07-07,84267,RF,SINR,997
1267,2022-07-07,84268,RF,RSRQ,266
1268,2022-07-07,84269,RF,RSRP,955
1269,2022-07-07,84270,c8y_SignalStrength,rssi,608
1270,2022-07-07,84271,Log_Count,Stored,519
1271,2022-07-07,84272,Log_Count,Sent,933
1272,2022-07-07,84273,Battery,A1,529
1273,2022-07-07,84274,Battery,V,119
1274,2022-07-07,84275,RF,SINR,780
1275,2022-07-07,84276,RF,RSRQ,453
1276,2022-07-07,84277,RF,RSRP,36
1277,2022-07-07,84278,Log_Count,Stored,726
1278,2022-07-07,84279,Log_Count,Sent,933
1279,2022-07-07,84280,Battery,A1,600
1280,2022-07-07,84281,Battery,V,219
1281,2022-07-07,84282,RF,SINR,136
1282,2022-07-07,84283,RF,RSRQ,383
1283,2022-07-07,84284,RF,RSRP,697
1284,2022-07-07,84285,c8y_SignalStrength,rssi,664
1285,2022-07-07,84286,c8y_SignalStrength,rssi,392
1286,2022-07-07,84287,Battery,C1,584
1287,2022-07-07,84288,Battery,C1,88
1288,2022-07-07,84289,Battery,C1,917
1289,2022-07-07,84290,Log_Count,Stored,708
1290,2022-07-07,84291,Log_Count,Sent,47
1291,2022-07-07,84292,Battery,A1,751
1292,2022-07-07,84293,Battery,V,813
1293,2022-07-07,84294,RF,SINR,734
1294,2022-07-07,84295,RF,RSRQ,256
1295,2022-07-07,84296,RF,RSRP,127
1296,2022-07-07,84297,c8y_SignalStrength,rssi,829
1297,2022-07-07,84298,Log_Count,Stored,809
1298,2022-07-07,84299,Log_Count,Sent,885
1299,2022-07-07,84300,Battery,V,252
1300,2022-07-07,84301,RF,SINR,672
1301,2022-07-07,84302,RF,RSRQ,664
1302,2022-07-07,84303,RF,RSRP,57
1303,2022-07-07,84304,c8y_SignalStrength,rssi,647
1304,2022-07-07,84305,Log_Count,Stored,328
1305,2022-07-07,84306,Log_Count,Sent,929
1306,2022-07-07,84307,Battery,A1,887
1307,2022-07-07,84308,Battery,V,747
1308,2022-07-07,84309,RF,SINR,942
1309,2022-07-07,84310,RF,RSRQ,350
1310,2022-07-07,84311,RF,RSRP,51
1311,2022-07-07,84312,c8y_SignalStrength,rssi,98
1312,2022-07-07,84313,Log_Count,Stored,993
1313,2022-07-07,84314,Log_Count,Sent,881
1314,2022-07-07,84315,Battery,A1,816
1315,2022-07-07,84316,Battery,V,837
1316,2022-07-07,84317,RF,SINR,150
1317,2022-07-07,84318,RF,RSRQ,319
1318,2022-07-07,84319,RF,RSRP,345
1319,2022-07-07,84320,c8y_SignalStrength,rssi,287
1320,2022-07-07,84321,Log_Count,Stored,800
1321,2022-07-07,84322,Log_Count,Sent,361
1322,2022-07-07,84323,Battery,V,487
1323,2022-07-07,84324,RF,SINR,966
1324,2022-07-07,84325,RF,RSRQ,225
1325,2022-07-07,84326,RF,RSRP,389
1326,2022-07-07,84327,c8y_SignalStrength,rssi,300
1327,2022-07-07,84328,Battery,C1,482
1328,2022-07-07,84329,Battery,C1,476
1329,2022-07-07,84330,Battery,C1,818
1330,2022-07-07,84331,Battery,C1,835
1331,2022-07-07,84332,Log_Count,Stored,888
1332,2022-07-07,84333,Log_Count,Sent,72
1333,2022-07-07,84334,Battery,A1,819
1334,2022-07-07,84335,Battery,V,732
1335,2022-07-07,84336,RF,SINR,191
1336,2022-07-07,84337,RF,RSRQ,449
1337,2022-07-07,84338,RF,RSRP,356
1338,2022-07-07,84339,Log_Count,Stored,510
1339,2022-07-07,84340,Log_Count,Sent,87
1340,2022-07-07,84341,Battery,A1,748
1341,2022-07-07,84342,Battery,V,592
1342,2022-07-07,84343,RF,SINR,259
1343,2022-07-07,84344,RF,RSRQ,299
1344,2022-07-07,84345,RF,RSRP,836
1345,2022-07-07,84346,c8y_SignalStrength,rssi,778
1346,2022-07-07,84347,c8y_SignalStrength,rssi,151
1347,2022-07-07,84348,Battery,C1,133
1348,2022-07-07,84349,Battery,C1,994
1349,2022-07-07,84350,Log_Count,Stored,511
1350,2022-07-07,84351,Log_Count,Sent,117
1351,2022-07-07,84352,Battery,A1,489
1352,2022-07-07,84353,Battery,V,707
1353,2022-07-07,84354,RF,SINR,523
1354,2022-07-07,84355,RF,RSRQ,840
1355,2022-07-07,84356,RF,RSRP,554
1356,2022-07-07,84357,c8y_SignalStrength,rssi,612
1357,2022-07-07,84358,Log_Count,Stored,259
1358,2022-07-07,84359,Log_Count,Sent,912
1359,2022-07-07,84360,Battery,A1,312
1360,2022-07-07,84361,Battery,V,313
1361,2022-07-07,84362,RF,SINR,113
1362,2022-07-07,84363,RF,RSRQ,889
1363,2022-07-07,84364,RF,RSRP,650
1364,2022-07-07,84365,c8y_SignalStrength,rssi,949
1365,2022-07-07,84366,Battery,C1,962
1366,2022-07-07,84367,Log_Count,Stored,96
1367,2022-07-07,84368,Log_Count,Sent,598
1368,2022-07-07,84369,Battery,A1,164
1369,2022-07-07,84370,Battery,V,441
1370,2022-07-07,84371,RF,SINR,298
1371,2022-07-07,84372,RF,RSRQ,396
1372,2022-07-07,84373,RF,RSRP,777
1373,2022-07-07,84374,c8y_SignalStrength,rssi,114
1374,2022-07-07,84375,Log_Count,Stored,350
1375,2022-07-07,84376,Log_Count,Sent,118
1376,2022-07-07,84377,Battery,A1,457
1377,2022-07-07,84378,Battery,V,914
1378,2022-07-07,84379,RF,SINR,692
1379,2022-07-07,84380,RF,RSRQ,703
1380,2022-07-07,84381,RF,RSRP,641
1381,2022-07-07,84382,c8y_SignalStrength,rssi,721
1382,2022-07-07,84383,Battery,C1,770
1383,2022-07-07,84384,Battery,C1,293
1384,2022-07-07,84385,Battery,C1,399
1385,2022-07-07,84386,Log_Count,Stored,334
1386,2022-07-07,84387,Log_Count,Sent,282
1387,2022-07-07,84388,Battery,A1,308
1388,2022-07-07,84389,Battery,V,981
1389,2022-07-07,84390,RF,SINR,321
1390,2022-07-07,84391,RF,RSRQ,648
1391,2022-07-07,84392,RF,RSRP,537
1392,2022-07-07,84393,c8y_SignalStrength,rssi,935
1393,2022-07-07,84394,Battery,C1,824
1394,2022-07-07,84395,Battery,C1,64
1395,2022-07-07,84396,Battery,C1,446
1396,2022-07-07,84397,Battery,C1,252
1397,2022-07-07,84398,Battery,C1,941
1398,2022-07-07,84399,Log_Count,Stored,553
1399,2022-07-07,84400,Log_Count,Sent,231
1400,2022-07-07,84401,Battery,A1,403
1401,2022-07-07,84402,Battery,V,630
1402,2022-07-07,84403,RF,SINR,462
1403,2022-07-07,84404,RF,RSRQ,381
1404,2022-07-07,84405,RF,RSRP,53
1405,2022-07-07,84406,c8y_SignalStrength,rssi,500
1406,2022-07-07,84407,Battery,C1,30
1407,2022-07-07,84408,Battery,C1,811
1408,2022-07-07,84409,Log_Count,Stored,295
1409,2022-07-07,84410,Log_Count,Sent,448
1410,2022-07-07,84411,Battery,A1,955
1411,2022-07-07,84412,Battery,V,751
1412,2022-07-07,84413,RF,SINR,762
1413,2022-07-07,84414,RF,RSRQ,446
1414,2022-07-07,84415,RF,RSRP,505
1415,2022-07-07,84416,c8y_SignalStrength,rssi,199
1416,2022-07-07,84417,Battery,C1,686
1417,2022-07-07,84418,Battery,C1,927
1418,2022-07-07,84419,Log_Count,Stored,810
1419,2022-07-07,84420,Log_Count,Sent,556
1420,2022-07-07,84421,Battery,A1,492
1421,2022-07-07,84422,Battery,V,61
1422,2022-07-07,84423,RF,SINR,114
1423,2022-07-07,84424,RF,RSRQ,432
1424,2022-07-07,84425,RF,RSRP,576
1425,2022-07-07,84426,c8y_SignalStrength,rssi,192
1426,2022-07-07,84427,Log_Count,Stored,324
1427,2022-07-07,84428,Log_Count,Sent,101
1428,2022-07-07,84429,Battery,A1,434
1429,2022-07-07,84430,Battery,V,796
1430,2022-07-07,84431,RF,SINR,582
1431,2022-07-07,84432,RF,RSRQ,741
1432,2022-07-07,84433,RF,RSRP,931
1433,2022-07-07,84434,Log_Count,Stored,62
1434,2022-07-07,84435,Log_Count,Sent,167
1435,2022-07-07,84436,Battery,A1,796
1436,2022-07-07,84437,Battery,V,43
1437,2022-07-07,84438,RF,SINR,951
1438,2022-07-07,84439,RF,RSRQ,648
1439,2022-07-07,84440,RF,RSRP,204
1440,2022-07-07,84441,Log_Count,Stored,249
1441,2022-07-07,84442,Log_Count,Sent,714
1442,2022-07-07,84443,Battery,A1,714
1443,2022-07-07,84444,Battery,V,902
1444,2022-07-07,84445,RF,SINR,976
1445,2022-07-07,84446,RF,RSRQ,777
1446,2022-07-07,84447,RF,RSRP,141
1447,2022-07-07,84448,c8y_SignalStrength,rssi,599
1448,2022-07-07,84449,Log_Count,Stored,69
1449,2022-07-07,84450,Log_Count,Sent,16
1450,2022-07-07,84451,Battery,A1,84
1451,2022-07-07,84452,Battery,V,515
1452,2022-07-07,84453,RF,SINR,806
1453,2022-07-07,84454,RF,RSRQ,805
1454,2022-07-07,84455,RF,RSRP,853
1455,2022-07-07,84456,c8y_SignalStrength,rssi,52
1456,2022-07-07,84457,c8y_SignalStrength,rssi,235
1457,2022-07-07,84458,c8y_SignalStrength,rssi,6
1458,2022-07-07,84459,Log_Count,Stored,655
1459,2022-07-07,84460,Log_Count,Sent,660
1460,2022-07-07,84461,Battery,A1,883
1461,2022-07-07,84462,Battery,V,689
1462,2022-07-07,84463,RF,SINR,69
1463,2022-07-07,84464,RF,RSRQ,60
1464,2022-07-07,84465,RF,RSRP,397
1465,2022-07-07,84466,c8y_SignalStrength,rssi,697
1466,2022-07-07,84467,Battery,C1,822
1467,2022-07-07,84468,Log_Count,Stored,311
1468,2022-07-07,84469,Log_Count,Sent,442
1469,2022-07-07,84470,Battery,A1,102
1470,2022-07-07,84471,Battery,V,803
1471,2022-07-07,84472,RF,SINR,852
1472,2022-07-07,84473,RF,RSRQ,870
1473,2022-07-07,84474,RF,RSRP,276
1474,2022-07-07,84475,c8y_SignalStrength,rssi,191
1475,2022-07-07,84476,Battery,C1,432
1476,2022-07-07,84477,Pulse1_Total,T1,812
1477,2022-07-07,84478,Pulse1,P1,648
1478,2022-07-07,84479,DeviceTemperature,Median,166
1479,2022-07-07,84480,Temperature,T,921
1480,2022-07-07,84481,Pulse1_Total,T1,451
1481,2022-07-07,84482,Pulse1,P1,322
1482,2022-07-07,84483,Pulse1_Total,T1,596
1483,2022-07-07,84484,Pulse1,P1,776
1484,2022-07-07,84485,DeviceTemperature,Max,293
1485,2022-07-07,84486,DeviceTemperature,Max,395
1486,2022-07-07,84487,Pulse1_Total,T1,714
1487,2022-07-07,84488,Pulse1_Total,T1,280
1488,2022-07-07,84489,Pulse1,P1,178
1489,2022-07-07,84490,Pulse1,P1,826
1490,2022-07-07,84491,DeviceTemperature,Max,624
1491,2022-07-07,84492,DeviceTemperature,Max,501
1492,2022-07-07,84493,DeviceTemperature,Max,635
1493,2022-07-07,84494,DeviceTemperature,Max,28
1494,2022-07-07,84495,DeviceTemperature,Max,48
1495,2022-07-07,84496,DeviceTemperature,Max,642
1496,2022-07-07,84497,DeviceTemperature,Max,575
1497,2022-07-07,84498,DeviceTemperature,Max,152
1498,2022-07-07,84499,Pulse1_Total,T1,510
1499,2022-07-07,84500,DeviceTemperature,Max,661
1500,2022-07-07,84501,Pulse1,P1,786
1501,2022-07-07,84502,Pulse1_Total,T1,490
1502,2022-07-07,84503,Pulse1_Total,T1,563
1503,2022-07-07,84504,Pulse1,P1,749
1504,2022-07-07,84505,Pulse1,P1,540
1505,2022-07-07,84506,Pulse1_Total,T1,725
1506,2022-07-07,84507,Pulse1,P1,534
1507,2022-07-07,84508,Pulse1_Total,T1,139
1508,2022-07-07,84509,Pulse1,P1,217
1509,2022-07-07,84510,Pulse1_Total,T1,901
1510,2022-07-07,84511,Pulse1_Total,T1,517
1511,2022-07-07,84512,Pulse1,P1,567
1512,2022-07-07,84513,Pulse1,P1,371
1513,2022-07-07,84514,Pulse1_Total,T1,544
1514,2022-07-07,84515,Pulse1_Total,T1,106
1515,2022-07-07,84516,Pulse1,P1,425
1516,2022-07-07,84517,Pulse1,P1,41
1517,2022-07-07,84518,Pulse1_Total,T1,487
1518,2022-07-07,84519,Pulse1_Total,T1,955
1519,2022-07-07,84520,Pulse1,P1,290
1520,2022-07-07,84521,Pulse1,P1,17
1521,2022-07-07,84522,Pulse1_Total,T1,585
1522,2022-07-07,84523,Pulse1_Total,T1,187
1523,2022-07-07,84524,Pulse1,P1,686
1524,2022-07-07,84525,Pulse1,P1,457
1525,2022-07-07,84526,Pulse1_Total,T1,288
1526,2022-07-07,84527,Pulse1_Total,T1,115
1527,2022-07-07,84528,DeviceTemperature,Max,675
1528,2022-07-07,84529,Pulse1,P1,152
1529,2022-07-07,84530,Pulse1,P1,358
1530,2022-07-07,84531,DeviceTemperature,Max,142
1531,2022-07-07,84532,Switch2,SW2,784
1532,2022-07-07,84533,Pulse1_Total,T1,996
1533,2022-07-07,84534,DeviceTemperature,Max,563
1534,2022-07-07,84535,Pulse1_Total,T1,359
1535,2022-07-07,84536,Pulse1,P1,394
1536,2022-07-07,84537,Pulse1,P1,56
1537,2022-07-07,84538,Pulse1_Total,T1,773
1538,2022-07-07,84539,Pulse1_Total,T1,163
1539,2022-07-07,84540,Pulse1,P1,310
1540,2022-07-07,84541,Pulse1_Total,T1,457
1541,2022-07-07,84542,Pulse1,P1,735
1542,2022-07-07,84543,Pulse1_Total,T1,872
1543,2022-07-07,84544,Pulse1,P1,89
1544,2022-07-07,84545,Pulse1_Total,T1,223
1545,2022-07-07,84546,Pulse1,P1,49
1546,2022-07-07,84547,Pulse1_Total,T1,349
1547,2022-07-07,84548,Pulse1,P1,969
1548,2022-07-07,84549,Pulse1_Total,T1,93
1549,2022-07-07,84550,Pulse1,P1,141
1550,2022-07-07,84551,Pulse1_Total,T1,637
1551,2022-07-07,84552,Pulse1,P1,162
1552,2022-07-07,84553,Pulse1_Total,T1,54
1553,2022-07-07,84554,Pulse1,P1,980
1554,2022-07-07,84555,Pulse1_Total,T1,284
1555,2022-07-07,84556,Pulse1,P1,130
1556,2022-07-07,84557,Pulse1_Total,T1,949
1557,2022-07-07,84558,Pulse1,P1,898
1558,2022-07-07,84559,Pulse1_Total,T1,736
1559,2022-07-07,84560,Pulse1,P1,947
1560,2022-07-07,84561,Pulse1,P1,592
1561,2022-07-07,84562,Pulse1_Total,T1,615
1562,2022-07-07,84563,Pulse1_Total,T1,429
1563,2022-07-07,84564,Pulse1,P1,931
1564,2022-07-07,84565,Pulse1_Total,T1,277
1565,2022-07-07,84566,Pulse1,P1,425
1566,2022-07-07,84567,Switch2,SW2,453
1567,2022-07-07,84568,Pulse1,P1,490
1568,2022-07-07,84569,Pulse1_Total,T1,306
1569,2022-07-07,84570,Pulse1_Total,T1,42
1570,2022-07-07,84571,Pulse1_Total,T1,238
1571,2022-07-07,84572,Pulse1,P1,547
1572,2022-07-07,84573,Pulse1,P1,127
1573,2022-07-07,84574,Pulse1,P1,625
1574,2022-07-07,84575,Pulse1_Total,T1,899
1575,2022-07-07,84576,Pulse1_Total,T1,523
1576,2022-07-07,84577,Pulse1,P1,37
1577,2022-07-07,84578,Pulse1,P1,819
1578,2022-07-07,84579,Pulse1_Total,T1,229
1579,2022-07-07,84580,Pulse1_Total,T1,179
1580,2022-07-07,84581,Pulse1_Total,T1,956
1581,2022-07-07,84582,Pulse1,P1,576
1582,2022-07-07,84583,Pulse1,P1,539
1583,2022-07-07,84584,Pulse1,P1,853
1584,2022-07-07,84585,Pulse1_Total,T1,378
1585,2022-07-07,84586,Pulse1_Total,T1,502
1586,2022-07-07,84587,Pulse1_Total,T1,849
1587,2022-07-07,84588,Pulse1,P1,689
1588,2022-07-07,84589,Pulse1,P1,572
1589,2022-07-07,84590,Pulse1,P1,997
1590,2022-07-07,84591,Pulse1_Total,T1,399
1591,2022-07-07,84592,Pulse1_Total,T1,395
1592,2022-07-07,84593,Pulse1,P1,854
1593,2022-07-07,84594,Pulse1,P1,329
1594,2022-07-07,84595,Pulse1_Total,T1,581
1595,2022-07-07,84596,Pulse1_Total,T1,84
1596,2022-07-07,84597,Pulse1_Total,T1,798
1597,2022-07-07,84598,Pulse1,P1,81
1598,2022-07-07,84599,Pulse1,P1,144
1599,2022-07-07,84600,Pulse1,P1,69
1600,2022-07-07,84601,Pulse1_Total,T1,843
1601,2022-07-07,84602,Pulse1_Total,T1,115
1602,2022-07-07,84603,Pulse1_Total,T1,180
1603,2022-07-07,84604,Pulse1,P1,328
1604,2022-07-07,84605,Pulse1,P1,298
1605,2022-07-07,84606,Pulse1,P1,323
1606,2022-07-07,84607,Pulse1_Total,T1,138
1607,2022-07-07,84608,Pulse1_Total,T1,435
1608,2022-07-07,84609,Pulse1,P1,567
1609,2022-07-07,84610,Pulse1,P1,13
1610,2022-07-07,84611,Pulse1_Total,T1,59
1611,2022-07-07,84612,DeviceTemperature,Median,497
1612,2022-07-07,84613,Pulse1_Total,T1,410
1613,2022-07-07,84614,Pulse1,P1,40
1614,2022-07-07,84615,Temperature,T,790
1615,2022-07-07,84616,Pulse1,P1,970
1616,2022-07-07,84617,DeviceTemperature,Median,840
1617,2022-07-07,84618,Pulse1_Total,T1,169
1618,2022-07-07,84619,Pulse1_Total,T1,577
1619,2022-07-07,84620,Temperature,T,600
1620,2022-07-07,84621,Pulse1,P1,159
1621,2022-07-07,84622,Pulse1,P1,971
1622,2022-07-07,84623,DeviceTemperature,Median,579
1623,2022-07-07,84624,DeviceTemperature,Median,774
1624,2022-07-07,84625,DeviceTemperature,Median,746
1625,2022-07-07,84626,Temperature,T,144
1626,2022-07-07,84627,Temperature,T,15
1627,2022-07-07,84628,Temperature,T,653
1628,2022-07-07,84629,DeviceTemperature,Median,163
1629,2022-07-07,84630,DeviceTemperature,Median,861
1630,2022-07-07,84631,DeviceTemperature,Median,968
1631,2022-07-07,84632,Temperature,T,851
1632,2022-07-07,84633,Temperature,T,311
1633,2022-07-07,84634,Temperature,T,374
1634,2022-07-07,84635,DeviceTemperature,Median,485
1635,2022-07-07,84636,DeviceTemperature,Median,192
1636,2022-07-07,84637,DeviceTemperature,Median,797
1637,2022-07-07,84638,Temperature,T,934
1638,2022-07-07,84639,Temperature,T,142
1639,2022-07-07,84640,Temperature,T,873
1640,2022-07-07,84641,/10266/1,0,38
1641,2022-07-07,84642,/10266/1,0,591
1642,2022-07-07,84643,/10266/1,0,895
1643,2022-07-07,84644,/10266/1,0,284
1644,2022-07-07,84645,/10266/1,0,9
1645,2022-07-07,84646,/10266/1,0,994
1646,2022-07-07,84647,/10266/1,0,459
1647,2022-07-07,84648,/10266/1,0,755
1648,2022-07-07,84649,/10266/1,0,605
1649,2022-07-07,84650,/10266/1,0,303
1650,2022-07-07,84651,/10269/0,0,146
1651,2022-07-07,84652,/10266/1,0,270
1652,2022-07-07,84653,/10266/1,0,536
1653,2022-07-07,84654,/10266/1,0,276
1654,2022-07-07,84655,/10266/1,0,91
1655,2022-07-07,84656,/10266/1,0,739
1656,2022-07-07,84657,/10266/1,0,881
1657,2022-07-07,84658,/10266/1,0,461
1658,2022-07-07,84659,/10266/1,0,925
1659,2022-07-07,84660,/10266/1,0,826
1660,2022-07-07,84661,/10266/1,0,753
1661,2022-07-07,84662,/10266/1,0,326
1662,2022-07-07,84663,/10266/1,0,503
1663,2022-07-07,84664,/10266/1,0,243
1664,2022-07-07,84665,/10266/1,0,432
1665,2022-07-07,84666,/10269/0,0,646
1666,2022-07-07,84667,/10266/1,0,835
1667,2022-07-07,84668,/10266/1,0,608
1668,2022-07-07,84669,/10266/1,0,448
1669,2022-07-07,84670,/10266/1,0,477
1670,2022-07-07,84671,/10266/1,0,596
1671,2022-07-07,84672,/10266/1,0,825
1672,2022-07-07,84673,/10266/1,0,683
1673,2022-07-07,84674,Pulse1_Total,T1,814
1674,2022-07-07,84675,/10266/1,0,326
1675,2022-07-07,84676,/10266/1,0,514
1676,2022-07-07,84677,Pulse1,P1,985
1677,2022-07-07,84678,/10266/1,0,80
1678,2022-07-07,84679,/10266/1,0,324
1679,2022-07-07,84680,Pulse1_Total,T1,828
1680,2022-07-07,84681,/10266/1,0,832
1681,2022-07-07,84682,/10266/1,0,820
1682,2022-07-07,84683,Pulse1,P1,525
1683,2022-07-07,84684,/10266/1,0,268
1684,2022-07-07,84685,/10266/1,0,708
1685,2022-07-07,84686,Pulse1_Total,T1,243
1686,2022-07-07,84687,/10266/1,0,795
1687,2022-07-07,84688,/10266/1,0,576
1688,2022-07-07,84689,Pulse1,P1,275
1689,2022-07-07,84690,/10266/1,0,558
1690,2022-07-07,84691,/10266/1,0,554
1691,2022-07-07,84692,Pulse1_Total,T1,261
1692,2022-07-07,84693,/10266/1,0,635
1693,2022-07-07,84694,/10266/1,0,959
1694,2022-07-07,84695,Pulse1,P1,272
1695,2022-07-07,84696,/10266/1,0,608
1696,2022-07-07,84697,/10266/1,0,788
1697,2022-07-07,84698,Pulse1_Total,T1,926
1698,2022-07-07,84699,/10266/1,0,142
1699,2022-07-07,84700,/10266/1,0,151
1700,2022-07-07,84701,Pulse1,P1,546
1701,2022-07-07,84702,/10266/1,0,329
1702,2022-07-07,84703,/10266/1,0,1
1703,2022-07-07,84704,Pulse1_Total,T1,415
1704,2022-07-07,84705,/10266/1,0,782
1705,2022-07-07,84706,/10266/1,0,469
1706,2022-07-07,84707,Pulse1,P1,941
1707,2022-07-07,84708,/10269/0,0,838
1708,2022-07-07,84709,/10266/1,0,820
1709,2022-07-07,84710,Pulse1_Total,T1,248
1710,2022-07-07,84711,/10266/1,0,8
1711,2022-07-07,84712,/10266/1,0,400
1712,2022-07-07,84713,Pulse1,P1,11
1713,2022-07-07,84714,/10266/1,0,657
1714,2022-07-07,84715,/10266/1,0,755
1715,2022-07-07,84716,Pulse1_Total,T1,545
1716,2022-07-07,84717,/10266/1,0,40
1717,2022-07-07,84718,/10266/1,0,145
1718,2022-07-07,84719,Pulse1,P1,492
1719,2022-07-07,84720,/10266/1,0,423
1720,2022-07-07,84721,/10266/1,0,175
1721,2022-07-07,84722,Pulse1_Total,T1,714
1722,2022-07-07,84723,/10266/1,0,919
1723,2022-07-07,84724,/10266/1,0,558
1724,2022-07-07,84725,Pulse1,P1,883
1725,2022-07-07,84726,/10266/1,0,884
1726,2022-07-07,84727,/10266/1,0,638
1727,2022-07-07,84728,DeviceTemperature,Max,307
1728,2022-07-07,84729,/10269/0,0,27
1729,2022-07-07,84730,/10266/1,0,886
1730,2022-07-07,84731,Pulse1_Total,T1,357
1731,2022-07-07,84732,/10266/1,0,299
1732,2022-07-07,84733,/10269/0,0,170
1733,2022-07-07,84734,Pulse1,P1,108
1734,2022-07-07,84735,/10266/1,0,418
1735,2022-07-07,84736,Pulse1_Total,T1,997
1736,2022-07-07,84737,Pulse1_Total,T1,457
1737,2022-07-07,84738,Pulse1_Total,T1,658
1738,2022-07-07,84739,Pulse1,P1,646
1739,2022-07-07,84740,Pulse1,P1,687
1740,2022-07-07,84741,Pulse1,P1,925
1741,2022-07-07,84742,Pulse1_Total,T1,722
1742,2022-07-07,84743,Pulse1_Total,T1,856
1743,2022-07-07,84744,Pulse1_Total,T1,245
1744,2022-07-07,84745,Pulse1,P1,51
1745,2022-07-07,84746,Pulse1,P1,719
1746,2022-07-07,84747,Pulse1,P1,418
1747,2022-07-07,84748,Pulse1_Total,T1,74
1748,2022-07-07,84749,Pulse1_Total,T1,655
1749,2022-07-07,84750,Pulse1_Total,T1,103
1750,2022-07-07,84751,Pulse1,P1,695
1751,2022-07-07,84752,Pulse1,P1,68
1752,2022-07-07,84753,Pulse1,P1,242
1753,2022-07-07,84754,Pulse1_Total,T1,266
1754,2022-07-07,84755,Pulse1_Total,T1,491
1755,2022-07-07,84756,Pulse1_Total,T1,433
1756,2022-07-07,84757,Pulse1,P1,288
1757,2022-07-07,84758,Pulse1,P1,824
1758,2022-07-07,84759,Pulse1,P1,378
1759,2022-07-07,84760,Pulse1_Total,T1,589
1760,2022-07-07,84761,Pulse1_Total,T1,173
1761,2022-07-07,84762,Pulse1_Total,T1,879
1762,2022-07-07,84763,Pulse1,P1,963
1763,2022-07-07,84764,Pulse1,P1,397
1764,2022-07-07,84765,Pulse1,P1,852
1765,2022-07-07,84766,DeviceTemperature,Max,791
1766,2022-07-07,84767,Pulse1_Total,T1,804
1767,2022-07-07,84768,Pulse1_Total,T1,790
1768,2022-07-07,84769,DeviceTemperature,Max,393
1769,2022-07-07,84770,Pulse1,P1,395
1770,2022-07-07,84771,Pulse1,P1,399
1771,2022-07-07,84772,Pulse1_Total,T1,627
1772,2022-07-07,84773,Pulse1_Total,T1,318
1773,2022-07-07,84774,Pulse1,P1,813
1774,2022-07-07,84775,Pulse1,P1,383
1775,2022-07-07,84776,Pulse1_Total,T1,948
1776,2022-07-07,84777,Pulse1_Total,T1,573
1777,2022-07-07,84778,DeviceTemperature,Max,262
1778,2022-07-07,84779,Pulse1,P1,203
1779,2022-07-07,84780,Pulse1,P1,566
1780,2022-07-07,84781,Pulse1_Total,T1,993
1781,2022-07-07,84782,Pulse1_Total,T1,148
1782,2022-07-07,84783,Pulse1_Total,T1,859
1783,2022-07-07,84784,Pulse1,P1,592
1784,2022-07-07,84785,Pulse1,P1,425
1785,2022-07-07,84786,Pulse1,P1,830
1786,2022-07-07,84787,DeviceTemperature,Max,732
1787,2022-07-07,84788,DeviceTemperature,Max,789
1788,2022-07-07,84789,DeviceTemperature,Max,649
1789,2022-07-07,84790,Pulse1_Total,T1,104
1790,2022-07-07,84791,Pulse1_Total,T1,991
1791,2022-07-07,84792,Pulse1_Total,T1,95
1792,2022-07-07,84793,Pulse1,P1,189
1793,2022-07-07,84794,Pulse1,P1,402
1794,2022-07-07,84795,Pulse1,P1,753
1795,2022-07-07,84796,Pulse1_Total,T1,313
1796,2022-07-07,84797,Pulse1_Total,T1,390
1797,2022-07-07,84798,Pulse1_Total,T1,777
1798,2022-07-07,84799,Pulse1,P1,72
1799,2022-07-07,84800,Pulse1,P1,171
1800,2022-07-07,84801,Pulse1,P1,689
1801,2022-07-07,84802,Pulse1_Total,T1,379
1802,2022-07-07,84803,DeviceTemperature,Max,320
1803,2022-07-07,84804,Switch2,SW2,283
1804,2022-07-07,84805,Pulse1,P1,327
1805,2022-07-07,84806,Pulse1_Total,T1,488
1806,2022-07-07,84807,Pulse1_Total,T1,79
1807,2022-07-07,84808,Pulse1_Total,T1,467
1808,2022-07-07,84809,Pulse1,P1,154
1809,2022-07-07,84810,Pulse1,P1,561
1810,2022-07-07,84811,Pulse1,P1,926
1811,2022-07-07,84812,DeviceTemperature,Max,503
1812,2022-07-07,84813,Pulse1_Total,T1,916
1813,2022-07-07,84814,Pulse1_Total,T1,246
1814,2022-07-07,84815,Pulse1_Total,T1,536
1815,2022-07-07,84816,Pulse1,P1,451
1816,2022-07-07,84817,Pulse1,P1,977
1817,2022-07-07,84818,Pulse1,P1,1000
1818,2022-07-07,84819,Pulse1_Total,T1,126
1819,2022-07-07,84820,Pulse1_Total,T1,177
1820,2022-07-07,84821,Pulse1_Total,T1,277
1821,2022-07-07,84822,Pulse1,P1,449
1822,2022-07-07,84823,Pulse1,P1,468
1823,2022-07-07,84824,Pulse1,P1,660
1824,2022-07-07,84825,DeviceTemperature,Max,193
1825,2022-07-07,84826,Pulse1_Total,T1,340
1826,2022-07-07,84827,Pulse1_Total,T1,256
1827,2022-07-07,84828,Pulse1_Total,T1,233
1828,2022-07-07,84829,Pulse1,P1,586
1829,2022-07-07,84830,Pulse1,P1,289
1830,2022-07-07,84831,Pulse1,P1,673
1831,2022-07-07,84832,Pulse1_Total,T1,881
1832,2022-07-07,84833,Switch2,SW2,731
1833,2022-07-07,84834,DeviceTemperature,Max,552
1834,2022-07-07,84835,Pulse1,P1,492
1835,2022-07-07,84836,Pulse1_Total,T1,255
1836,2022-07-07,84837,Pulse1_Total,T1,383
1837,2022-07-07,84838,Pulse1_Total,T1,613
1838,2022-07-07,84839,Pulse1,P1,712
1839,2022-07-07,84840,Pulse1,P1,962
1840,2022-07-07,84841,Pulse1,P1,667
1841,2022-07-07,84842,DeviceTemperature,Max,951
1842,2022-07-07,84843,DeviceTemperature,Max,906
1843,2022-07-07,84844,DeviceTemperature,Max,720
1844,2022-07-07,84845,Pulse1_Total,T1,282
1845,2022-07-07,84846,Pulse1_Total,T1,208
1846,2022-07-07,84847,Pulse1_Total,T1,555
1847,2022-07-07,84848,Pulse1,P1,520
1848,2022-07-07,84849,Pulse1,P1,242
1849,2022-07-07,84850,Pulse1,P1,214
1850,2022-07-07,84851,Pulse1_Total,T1,658
1851,2022-07-07,84852,Pulse1_Total,T1,579
1852,2022-07-07,84853,Pulse1_Total,T1,947
1853,2022-07-07,84854,Pulse1,P1,151
1854,2022-07-07,84855,Pulse1,P1,948
1855,2022-07-07,84856,Pulse1,P1,355
1856,2022-07-07,84857,Pulse1_Total,T1,704
1857,2022-07-07,84858,Switch2,SW2,702
1858,2022-07-07,84859,Pulse1_Total,T1,741
1859,2022-07-07,84860,Pulse1,P1,233
1860,2022-07-07,84861,Pulse1_Total,T1,653
1861,2022-07-07,84862,Pulse1,P1,396
1862,2022-07-07,84863,Pulse1_Total,T1,359
1863,2022-07-07,84864,Pulse1,P1,250
1864,2022-07-07,84865,Pulse1_Total,T1,991
1865,2022-07-07,84866,Pulse1,P1,704
1866,2022-07-07,84867,Pulse1_Total,T1,252
1867,2022-07-07,84868,Pulse1,P1,912
1868,2022-07-07,84869,Pulse1_Total,T1,890
1869,2022-07-07,84870,Pulse1,P1,929
1870,2022-07-07,84871,Pulse1_Total,T1,223
1871,2022-07-07,84872,Pulse1,P1,119
1872,2022-07-07,84873,Pulse1_Total,T1,405
1873,2022-07-07,84874,Pulse1,P1,951
1874,2022-07-07,84875,Pulse1_Total,T1,255
1875,2022-07-07,84876,Pulse1,P1,508
1876,2022-07-07,84877,Pulse1_Total,T1,406
1877,2022-07-07,84878,Pulse1,P1,907
1878,2022-07-07,84879,Switch2,SW2,741
1879,2022-07-07,84880,Pulse1,P1,257
1880,2022-07-07,84881,Pulse1_Total,T1,821
1881,2022-07-07,84882,Pulse1_Total,T1,995
1882,2022-07-07,84883,Switch2,SW2,758
1883,2022-07-07,84884,Pulse1,P1,542
1884,2022-07-07,84885,Pulse1,P1,689
1885,2022-07-07,84886,Pulse1_Total,T1,571
1886,2022-07-07,84887,Pulse1_Total,T1,57
1887,2022-07-07,84888,Pulse1_Total,T1,805
1888,2022-07-07,84889,Pulse1,P1,594
1889,2022-07-07,84890,Pulse1,P1,611
1890,2022-07-07,84891,Pulse1,P1,867
1891,2022-07-07,84892,Pulse1_Total,T1,367
1892,2022-07-07,84893,Pulse1_Total,T1,860
1893,2022-07-07,84894,Pulse1_Total,T1,627
1894,2022-07-07,84895,Pulse1,P1,313
1895,2022-07-07,84896,Pulse1,P1,326
1896,2022-07-07,84897,Pulse1,P1,358
1897,2022-07-07,84898,Switch2,SW2,578
1898,2022-07-07,84899,Pulse1_Total,T1,726
1899,2022-07-07,84900,Pulse1_Total,T1,304
1900,2022-07-07,84901,Pulse1,P1,738
1901,2022-07-07,84902,Pulse1,P1,402
1902,2022-07-07,84903,Pulse1_Total,T1,878
1903,2022-07-07,84904,Pulse1_Total,T1,112
1904,2022-07-07,84905,Pulse1_Total,T1,831
1905,2022-07-07,84906,Pulse1,P1,394
1906,2022-07-07,84907,Pulse1,P1,868
1907,2022-07-07,84908,Pulse1,P1,394
1908,2022-07-07,84909,Switch2,SW2,649
1909,2022-07-07,84910,Pulse1_Total,T1,123
1910,2022-07-07,84911,Pulse1_Total,T1,962
1911,2022-07-07,84912,Pulse1,P1,929
1912,2022-07-07,84913,Pulse1,P1,91
1913,2022-07-07,84914,Pulse1_Total,T1,971
1914,2022-07-07,84915,Pulse1_Total,T1,512
1915,2022-07-07,84916,Pulse1_Total,T1,797
1916,2022-07-07,84917,Pulse1,P1,135
1917,2022-07-07,84918,Pulse1,P1,347
1918,2022-07-07,84919,Pulse1,P1,121
1919,2022-07-07,84920,Pulse1_Total,T1,227
1920,2022-07-07,84921,Pulse1_Total,T1,508
1921,2022-07-07,84922,Pulse1,P1,979
1922,2022-07-07,84923,Pulse1,P1,692
1923,2022-07-07,84924,Pulse1_Total,T1,212
1924,2022-07-07,84925,Pulse1_Total,T1,641
1925,2022-07-07,84926,Pulse1,P1,619
1926,2022-07-07,84927,Pulse1,P1,566
1927,2022-07-07,84928,Pulse1_Total,T1,896
1928,2022-07-07,84929,Pulse1_Total,T1,329
1929,2022-07-07,84930,Pulse1_Total,T1,283
1930,2022-07-07,84931,Pulse1,P1,693
1931,2022-07-07,84932,Pulse1,P1,945
1932,2022-07-07,84933,Pulse1,P1,746
1933,2022-07-07,84934,Pulse1_Total,T1,65
1934,2022-07-07,84935,Pulse1_Total,T1,883
1935,2022-07-07,84936,Switch2,SW2,937
1936,2022-07-07,84937,Pulse1,P1,509
1937,2022-07-07,84938,Pulse1,P1,926
1938,2022-07-07,84939,Pulse1_Total,T1,594
1939,2022-07-07,84940,Pulse1_Total,T1,774
1940,2022-07-07,84941,Pulse1_Total,T1,639
1941,2022-07-07,84942,Pulse1,P1,847
1942,2022-07-07,84943,Pulse1,P1,696
1943,2022-07-07,84944,Pulse1,P1,2
1944,2022-07-07,84945,Pulse1_Total,T1,327
1945,2022-07-07,84946,Pulse1_Total,T1,99
1946,2022-07-07,84947,Pulse1_Total,T1,118
1947,2022-07-07,84948,Pulse1,P1,516
1948,2022-07-07,84949,Pulse1,P1,700
1949,2022-07-07,84950,Pulse1,P1,912
1950,2022-07-07,84951,Switch2,SW2,999
1951,2022-07-07,84952,Pulse1_Total,T1,408
1952,2022-07-07,84953,Pulse1_Total,T1,149
1953,2022-07-07,84954,Pulse1_Total,T1,442
1954,2022-07-07,84955,Pulse1,P1,295
1955,2022-07-07,84956,Pulse1,P1,10
1956,2022-07-07,84957,Pulse1,P1,68
1957,2022-07-07,84958,Pulse1_Total,T1,12
1958,2022-07-07,84959,Pulse1_Total,T1,293
1959,2022-07-07,84960,Pulse1_Total,T1,361
1960,2022-07-07,84961,Pulse1,P1,212
1961,2022-07-07,84962,Pulse1,P1,611
1962,2022-07-07,84963,Pulse1,P1,140
1963,2022-07-07,84964,Pulse1_Total,T1,149
1964,2022-07-07,84965,Switch2,SW2,838
1965,2022-07-07,84966,Pulse1_Total,T1,929
1966,2022-07-07,84967,Pulse1,P1,244
1967,2022-07-07,84968,Pulse1_Total,T1,753
1968,2022-07-07,84969,Pulse1,P1,541
1969,2022-07-07,84970,Pulse1_Total,T1,241
1970,2022-07-07,84971,Pulse1,P1,527
1971,2022-07-07,84972,Pulse1_Total,T1,62
1972,2022-07-07,84973,Pulse1,P1,488
1973,2022-07-07,84974,Pulse1_Total,T1,131
1974,2022-07-07,84975,Pulse1,P1,375
1975,2022-07-07,84976,Pulse1_Total,T1,283
1976,2022-07-07,84977,Pulse1,P1,584
1977,2022-07-07,84978,Pulse1_Total,T1,162
1978,2022-07-07,84979,Pulse1,P1,480
1979,2022-07-07,84980,Switch2,SW2,721
1980,2022-07-07,84981,Pulse1,P1,738
1981,2022-07-07,84982,Pulse1_Total,T1,68
1982,2022-07-07,84983,Pulse1_Total,T1,416
1983,2022-07-07,84984,Pulse1,P1,45
1984,2022-07-07,84985,Pulse1,P1,31
1985,2022-07-07,84986,Pulse1_Total,T1,968
1986,2022-07-07,84987,Pulse1_Total,T1,952
1987,2022-07-07,84988,Pulse1_Total,T1,115
1988,2022-07-07,84989,Pulse1,P1,94
1989,2022-07-07,84990,Pulse1,P1,802
1990,2022-07-07,84991,Pulse1,P1,203
1991,2022-07-07,84992,Pulse1_Total,T1,133
1992,2022-07-07,84993,Switch2,SW2,321
1993,2022-07-07,84994,Pulse1_Total,T1,898
1994,2022-07-07,84995,Pulse1,P1,999
1995,2022-07-07,84996,Pulse1_Total,T1,259
1996,2022-07-07,84997,Pulse1,P1,168
1997,2022-07-07,84998,Pulse1_Total,T1,356
1998,2022-07-07,84999,Pulse1,P1,298
1999,2022-07-07,85000,Pulse1_Total,T1,149
